ISO3 Country Code,Country,corn_irrigated_year1,corn_irrigated_year2,corn_irrigated_year3,corn_irrigated_year4,corn_irrigated_year5,corn_irrigated_year6,corn_irrigated_year7,corn_irrigated_year8,corn_irrigated_year9,corn_irrigated_year10,rice_irrigated_year1,rice_irrigated_year2,rice_irrigated_year3,rice_irrigated_year4,rice_irrigated_year5,rice_irrigated_year6,rice_irrigated_year7,rice_irrigated_year8,rice_irrigated_year9,rice_irrigated_year10,soy_irrigated_year1,soy_irrigated_year2,soy_irrigated_year3,soy_irrigated_year4,soy_irrigated_year5,soy_irrigated_year6,soy_irrigated_year7,soy_irrigated_year8,soy_irrigated_year9,soy_irrigated_year10,spring_wheat_irrigated_year1,spring_wheat_irrigated_year2,spring_wheat_irrigated_year3,spring_wheat_irrigated_year4,spring_wheat_irrigated_year5,spring_wheat_irrigated_year6,spring_wheat_irrigated_year7,spring_wheat_irrigated_year8,spring_wheat_irrigated_year9,spring_wheat_irrigated_year10
AF,Afghanistan,-99.34271199441412,-100.0,-100.0,-100.0,-98.9220478344104,-71.11624443651105,-45.46980180230099,-12.861440907537613,-16.737781331125614,7.840294487451946,-77.70351776679212,-100.0,-100.0,-100.0,-95.52752031686903,-57.29641520340581,-65.27415591159377,-65.85673851033745,-46.94718671165711,-24.30121822834051,-100.0,-100.0,-100.0,-84.38971264064145,-63.9048031247785,-49.69754761440639,-31.39930399658069,13.219657105105645,19.209244450938,5.855653330186028,-62.37426222022471,-100.0,-100.0,-87.74228915415975,-59.19386265543767,-34.238488242027636,-25.017892922584583,-17.042874813220656,-12.466556392930526,-4.545778971650021
AL,Albania,-100.0,-100.0,-100.0,-100.0,-100.0,-100.0,-100.0,-52.46511728860074,-2.477256153127061,-23.074729857235045,-100.0,-100.0,-100.0,-100.0,-100.0,-63.52029745733927,-88.7825856109181,-70.03372631119711,-96.27045887878441,-67.42450110289529,-100.0,-100.0,-100.0,-100.0,-100.0,-97.77397794781398,-97.47966030843075,-100.0,-44.01677013714421,-55.129662992444956,-100.0,-94.57154709494783,-79.82658679069174,-64.88170999793621,-42.555786777766464,-25.001447991266648,-24.10906525057919,-27.83443754096081,-22.939342067386413,-29.325548923937536
DZ,Algeria,-100.0,-100.0,-100.0,-100.0,-100.0,-92.89211743040266,-62.71481472604381,-13.563235672480094,-10.777736431345925,-13.777488088006756,-86.10449530115186,-100.0,-100.0,-99.0881044543896,-88.6937582147534,-100.0,-100.0,-91.52143517111205,-50.679597155903295,-53.856248189201665,-100.0,-100.0,-100.0,-98.41900578435694,-68.81036674994209,-72.17946039665762,-17.893687516739917,22.72153028360305,5.027137561492658,5.231065588710546,-93.81268698626742,-84.50009314012173,-60.44044204623548,-50.788523278479985,-38.63558929810953,-39.699776817847884,-34.3898077744094,-38.3548103085778,-31.32364317389737,-28.638396947118046
AS,American Samoa,,,,,,,,,,,,,,,,,,,,,,,,,,,,,,,,,,,,,,,,
AD,Andorra,-100.0,-100.0,-100.0,-100.0,-100.0,-100.0,-100.0,-91.94070955151537,-42.04450579630663,-38.08027684507147,-100.0,-100.0,-100.0,-100.0,-100.0,-78.2486784624735,-37.07764549128288,-31.61597069818531,-34.942686058735305,-14.458439123147642,-100.0,-100.0,-100.0,-100.0,-100.0,-100.0,-100.0,-100.0,-54.496664704636764,-54.971631248634836,-100.0,-100.0,-97.1743695416915,-69.2982098787198,-55.45763582356455,-22.519166769977936,-24.14658613142673,-12.746836338362185,-19.93621861931904,-9.157424626766275
AO,Angola,3.773096049087802,-64.30568412250295,-88.90941321687907,-92.93910054526026,-94.20124554853989,-86.60096813779137,-68.32711233714228,-61.972574606192346,-48.763104617366274,-31.47631113349364,-9.542577673343494,-65.52472719937751,-90.2214762926656,-97.13938129703595,-96.36917531316502,-93.96799628258422,-84.0330073163131,-72.74483305371048,-54.840274428914725,-46.1623578609339,,,,,,,,,,,-100.0,-3.700350458427041,-85.82255289474932,-83.2295919313265,-68.32974600699352,-57.90701319367963,-59.610116108910454,-14.64093620350086,22.86923285383865,10.105336355009033
AI,Anguilla,,,,,,,,,,,,,,,,,,,,,,,,,,,,,,,,,,,,,,,,
AQ,Antarctica,,,,,,,,,,,,,,,,,,,,,,,,,,,,,,,,,,,,,,,,
AG,Antigua and Barbuda,,,,,,,,,,,,,,,,,,,,,,,,,,,,,,,,,,,,,,,,
AR,Argentina,-1.3311702689387117,-86.1533231746715,-96.0966140150531,-94.78181998932669,-95.5738424547501,-90.26656532837688,-82.30847968094496,-66.2294884771626,-47.98982879260759,-26.63562154770838,0.20693339096067467,-85.16233991956942,-99.53974977376429,-99.27114768739449,-98.94190197636317,-94.90456691616448,-84.48090856497424,-62.96880083369433,-43.71751899091163,-29.989200529098632,0.9057018890168298,-94.83414159679822,-94.303987008054,-98.39311883081783,-90.38717626862034,-87.5369851418727,-77.11180457274693,-69.98848617574389,-54.21342915075236,-33.75192642281437,-71.83008037671257,-11.29049791551899,-41.910315136311475,-54.44684963288762,-57.161904445716495,-55.62128653147284,-32.86384543886331,-30.088547476720283,-17.957337735546883,23.206106065960775
AM,Armenia,-100.0,-100.0,-100.0,-100.0,-100.0,-100.0,-83.04792626033712,-32.826903908364336,-32.560124655363474,-27.57887196024322,-100.0,-100.0,-100.0,-100.0,-100.0,-100.0,-50.2757427051003,23.14523632725141,-82.84769111517188,-51.39631599004048,-100.0,-100.0,-100.0,-100.0,-80.90019713374389,-58.11277898749555,-86.12236439830835,-53.306774120826454,-43.787747197054145,-58.68522768928736,-100.0,-100.0,-100.0,-100.0,-100.0,-52.052696582872265,-1.567103424317881,0.4796540945219687,5.508702085610367,19.11477703800987
AW,Aruba,-52.42237018711094,-77.53287126818165,-47.0405836140254,-64.23016554084063,-51.104463428737255,-34.52326161845518,-46.172119421079515,-42.15748574295329,-12.559724747398816,-19.482999622781808,,,,,,,,,,,,,,,,,,,,,,,,,,,,,,
AU,Australia,1.13335428106762,-87.86079944497952,-94.58424638571628,-96.29978132281988,-94.3364574299518,-88.31578913749094,-80.82207953678505,-63.151057308955515,-44.13031793339318,-19.62904527018366,4.183004037117086,-100.0,-100.0,-100.0,-100.0,-100.0,-100.0,-94.25545477381523,-55.221721467355174,-26.843099759914665,0.030032231323687368,-98.48621224898422,-90.32277477609075,-86.88431431859,-91.63591769855104,-83.53294593379907,-86.51102216761709,-73.55219601933435,-57.011817429002875,-28.673591180227618,-79.2944864171707,-17.07684880184305,-29.284504628769504,-57.786544913126455,-64.52243498895817,-54.578591372647665,-46.69620520171561,-41.842306214330286,-8.217712039792302,-30.761311604617923
AT,Austria,-100.0,-100.0,-100.0,-100.0,-100.0,-100.0,-100.0,-100.0,-67.53908889446876,9.424400194894845,-100.0,-100.0,-100.0,-100.0,-100.0,-100.0,-100.0,-100.0,-100.0,-70.13508402339758,-100.0,-100.0,-100.0,-100.0,-100.0,-100.0,-100.0,-94.93161515006695,-68.13789184179929,-58.051678259378775,-100.0,-100.0,-100.0,-100.0,-97.58705289894206,-75.67949540307931,-40.03319913575675,-24.271011720461217,-22.974056750158436,-23.085067545870672
AZ,Azerbaijan,-100.0,-100.0,-100.0,-100.0,-100.0,-100.0,-82.28658768342295,-28.465165092598866,-17.35538355584729,-9.948190438228423,-100.0,-100.0,-100.0,-100.0,-100.0,-83.92155259274514,-35.985841996081945,-31.679452833901994,-77.05242851789212,-16.007614835830665,-100.0,-100.0,-100.0,-100.0,-79.79809404494151,-53.95611958591673,-77.76105526791008,-45.652711679424975,-26.54796638698921,-47.628256136120285,-99.60206809075824,-100.0,-100.0,-100.0,-99.02549563006086,-44.917979608324714,-20.6376264230034,-16.115331109339674,-5.0507526344445,24.291785325772675
BS,Bahamas,-86.76558012590706,-95.48911012830821,-96.93399914357514,-97.36849112042438,-93.83168411010358,-74.81154034793846,-57.45738705771065,-24.95540797387217,-21.948602669319747,11.261570041696462,-18.987503444214166,-99.59013998264993,-100.0,-100.0,-100.0,-100.0,-100.0,-80.37000343072863,-13.990964304500716,-3.6846978155166537,,,,,,,,,,,,,,,,,,,,
BH,Bahrain,,,,,,,,,,,,,,,,,,,,,,,,,,,,,,,-32.750780012900286,-100.0,-91.11381795567924,-56.84509224369498,-60.29122555075825,-48.69567836795227,-47.03208115954363,-9.340525428369673,-10.84011700236841,0.9529244127218266
BD,Bangladesh,-40.46035315721519,-100.0,-100.0,-100.0,-81.4108291670975,-85.58780278658872,-78.22702739386682,-78.90154457422264,-61.16896720798582,-42.4995974708377,-14.480245162018186,-100.0,-94.37279636340351,-82.21119823245255,-76.78933078880407,-88.604587602403,-85.90165997802445,-73.85501521515947,-39.946517344636376,-24.96153538313935,-91.04679329088059,-100.0,-100.0,-100.0,-100.0,-100.0,-90.36288789561875,-86.29215035195922,-63.7225980278146,-0.21681661833424176,-39.9593778691988,-44.807155790920625,-43.01399546946079,-45.13066437611967,-49.72326558160028,-51.66656418817783,-53.60742285274323,-45.12634115243226,-39.81525923436842,-11.633170543115899
BB,Barbados,,,,,,,,,,,,,,,,,,,,,,,,,,,,,,,,,,,,,,,,
BY,Belarus,-100.0,-100.0,-100.0,-100.0,-100.0,-100.0,-100.0,-100.0,-69.78309158313915,-35.15204546104702,,,,,,,,,,,,,,,,,,,,,-100.0,-100.0,-100.0,-100.0,-100.0,-100.0,-90.7555373966807,-63.764141030335246,-22.676494522905575,-13.234102029651819
BE,Belgium,-100.0,-100.0,-100.0,-100.0,-100.0,-100.0,-100.0,-99.71754581316452,-68.16365900649484,-19.137171840119855,-100.0,-100.0,-100.0,-100.0,-100.0,-100.0,16.484629156926637,-100.0,-100.0,51.89548066822779,,,,,,,,,,,-100.0,-100.0,-100.0,-100.0,-100.0,-100.0,-59.01766062728893,-21.243143219872085,-20.873953262604413,-16.54221408782662
BZ,Belize,-58.46528085317093,-78.45640173734081,-83.93520722232014,-78.7081730465671,-70.34272926900087,-58.06531400181104,-30.891269494072972,-16.127188223900397,1.7358510732442862,6.926802099225023,-6.4563777800222955,-79.38757300531826,-99.28221153192983,-100.0,-96.95282583358222,-91.67351796852412,-76.24096957348259,-52.89620815448037,-21.57461321786968,-14.493376843880398,-67.4405684746676,-100.0,-100.0,-100.0,-100.0,-99.44091715283525,-79.8463148076526,-35.73913406155418,-6.898923401576459,2.3440724670790245,-49.31070875893632,-23.564292568027206,-68.05028108825161,-72.92411279922509,-62.04928423266092,-60.79251837544558,-58.213897293473025,-51.77912476233329,-10.177497177115717,-3.4049578827325653
BJ,Benin,-32.90961847962322,-63.6127073428364,-66.13709134207107,-69.9609604006193,-69.66032966070541,-63.400304215441665,-48.78942459454573,-40.67870015203878,-35.47922609152783,-2.436081631662054,-2.969895667011632,-82.13665489870127,-91.58652008277538,-92.47306125524986,-85.19690903421666,-64.58210590594676,-40.416276026289594,-14.254351239777801,-1.474358091092854,14.361852827053744,-65.3481129709911,-100.0,-100.0,-100.0,-100.0,-100.0,-100.0,-86.53224474439111,-79.68792853205538,-37.92725073780261,-0.9074440774937002,-63.37665985677555,-85.28792085121127,-87.98943328513496,-75.56045194141048,-58.47754220223735,-51.36523192204528,-56.87680727611334,-53.05826813079206,-22.14572591114463
BM,Bermuda,,,,,,,,,,,,,,,,,,,,,,,,,,,,,,,,,,,,,,,,
BT,Bhutan,-100.0,-100.0,-100.0,-100.0,-100.0,-100.0,-100.0,-100.0,-100.0,-100.0,-90.01425147313215,-100.0,-100.0,-100.0,-100.0,-100.0,-100.0,-100.0,-100.0,-100.0,-100.0,-100.0,-100.0,-100.0,-100.0,-100.0,-100.0,-100.0,-100.0,-93.8308979307158,-100.0,-100.0,-100.0,-100.0,-100.0,-100.0,-100.0,-90.91809198265656,-69.24578599971068,-34.44458372468282
BO,Bolivia,-26.643352304839063,-78.72649170595838,-91.63739256280519,-93.57728191718701,-88.12931388607436,-85.48825011085373,-74.52311968874464,-62.094079447589735,-55.67984006018899,-37.53540125132633,-1.4631397350890627,-63.33779214342798,-92.13525975722598,-95.51356711538182,-91.74607712080216,-86.82944544108967,-79.79744764302347,-60.89487460117773,-41.47300593476495,-29.317038457968504,14.841982153737414,-86.48012803280317,-100.0,-89.45551224950536,-85.30319780845284,-76.1718430665189,-64.69397738627248,-34.35448789111904,-41.04787605640478,-22.032850260182176,-28.23497451814842,-63.48110291736644,-83.85705341705521,-83.08816928026323,-82.0666430819256,-75.15608677287717,-71.21897958711827,-50.040014979383116,-38.25294443028469,-35.45777611093554
BQ,"Bonaire, Saint Eustatius and Saba",,,,,,,,,,,,,,,,,,,,,,,,,,,,,,,,,,,,,,,,
BA,Bosnia and Herzegovina,-100.0,-100.0,-100.0,-100.0,-100.0,-100.0,-100.0,-89.90422765876777,5.318542004675505,-46.85417964902842,,,,,,,,,,,-100.0,-100.0,-100.0,-100.0,-100.0,-99.70634452140138,-98.33229462976382,-100.0,-58.58880388049512,-55.81667637309353,-100.0,-100.0,-97.58931602772353,-87.55828647669392,-79.01970454973701,-36.449617258497334,-25.126697994135117,-26.505432643226595,-24.21362139498182,-25.093077981655245
BW,Botswana,8.977302058083138,-81.30598316360417,-99.90336222833052,-99.45915731699954,-96.8968463828954,-84.86504942158065,-58.47896372245106,-53.284515150968645,-30.882435586875136,-22.72445772806701,-2.082930946467205,-100.0,-100.0,-100.0,-100.0,-98.21739516624697,-77.51882663742188,-52.978020808454005,-34.797383056711965,-26.495307321537734,-3.021477866644552,-98.24687590644946,-97.28555494853704,-94.21627319691794,-71.52419977713066,-93.55096887692582,-99.81508042313693,-93.95546196655691,-60.19877398104044,-18.831141593439362,-100.0,-0.4821867362376034,-77.72952270279217,-73.25212365093002,-64.52675856993103,-59.75619889755456,-54.97066555455257,-42.65937417912545,28.038943773842938,16.573237708933075
BV,Bouvet Island,,,,,,,,,,,,,,,,,,,,,,,,,,,,,,,,,,,,,,,,
BR,Brazil,-12.072079410056944,-66.45693068263166,-86.34374851301715,-89.91260012176139,-89.11405587772126,-82.28966643157202,-69.29659333233522,-46.00359214495932,-30.630118872348547,-9.963457461087948,2.3017476315870837,-65.32846280718486,-92.76153988857429,-97.01508451323105,-95.40277264678033,-91.66842878499277,-81.33860619074893,-63.35102524478879,-46.832127767823565,-26.126238598165386,2.398300993227861,-90.59709227456209,-96.22661029276749,-90.34328931272611,-85.98848988959243,-84.3349596642764,-80.61206422138955,-74.55381610463456,-55.143201502702404,-20.05483430074276,-86.43129390551377,-16.499331524470936,-40.276441714504074,-52.08259873218201,-56.301521219293804,-53.35434445789743,-35.17327623512969,-1.3282712666270837,-10.863170741287389,22.27582829286237
IO,British Indian Ocean Territory,,,,,,,,,,,,,,,,,,,,,,,,,,,,,,,,,,,,,,,,
VG,British Virgin Islands,,,,,,,,,,,,,,,,,,,,,,,,,,,,,,,,,,,,,,,,
BN,Brunei,,,,,,,,,,,-13.243694736428694,-62.92187538360874,-90.9189052392166,-92.22969216305414,-90.28431124943654,-87.43560425370586,-66.77349484196209,-49.62392537217827,-6.073524287638199,-19.78970879006406,,,,,,,,,,,,,,,,,,,,
BG,Bulgaria,-100.0,-100.0,-100.0,-100.0,-100.0,-100.0,-100.0,-75.6676696939096,8.531507182395186,-19.58057530742039,-100.0,-100.0,-100.0,-100.0,-100.0,-98.07531410557468,-90.44685631233641,-82.03422702943526,-77.66013781432397,-57.12681636995351,-100.0,-100.0,-100.0,-100.0,-100.0,-95.2975291988571,-93.00731431684402,-97.22016985942433,-54.162556327341534,-54.367760104797874,-100.0,-100.0,-100.0,-100.0,-89.47046098226667,-54.18114408529008,-27.85451248099341,-33.542416894002756,-26.02308447946065,-17.219871180322038
BF,Burkina Faso,-30.519682243197753,-74.72656439830153,-76.23862950424262,-73.16562188016998,-67.77070770656232,-47.90218014449479,-36.378997679352665,-9.686477697324273,-16.454909936635907,10.300263695798941,-3.6896975006829185,-95.22811011532336,-98.17646819833159,-97.68403876254217,-93.141849846367,-70.27048383186616,-24.65886105218275,-2.5246411058726625,0.5606263000095382,14.999762861048787,,,,,,,,,,,-16.785983194837588,-48.23831098858897,-82.6184559256957,-80.46769377452328,-69.43198032950933,-58.489208248081454,-46.0352300169573,-28.6230864652949,-12.365806101458695,-1.8096040487251428
BI,Burundi,-18.354830832624,-100.0,-100.0,-100.0,-100.0,-100.0,-100.0,-100.0,-88.71817875591192,-68.15208154392693,-16.02444230357244,-100.0,-100.0,-100.0,-100.0,-100.0,-100.0,-100.0,-100.0,-74.98575211412438,-20.389121554559587,-20.749434806515897,18.90237711584164,9.502973310148695,-52.81265888582243,-3.86549159005512,-17.22398249968119,-62.30108585439306,-30.73327303425131,-53.03027692462265,-23.672757730181807,-87.07751148719305,-70.09378878443117,-83.7167366570186,-66.79002521990365,-78.91022318130109,-91.96795140679525,-100.0,-100.0,-96.71254170467036
KH,Cambodia,-43.26802701654625,-89.1939622006052,-91.07794696256579,-67.79913350351109,-61.915982363645625,-36.835983648906726,-24.976328229021867,-15.455467194308882,-9.962642708691524,-1.8027973935150796,-4.80887732582003,-100.0,-100.0,-100.0,-97.20564457322496,-78.60336550793704,-60.4204403155049,-34.022480574112656,-8.403658760362076,-19.505104678422644,-65.82746312958514,-100.0,-100.0,-100.0,-100.0,-99.33210156081606,-71.8029614609914,-19.816645185443775,27.564872267726106,16.64087237032654,,,,,,,,,,
CM,Cameroon,-22.275577447608132,-60.47766167044288,-61.515611983677225,-76.20328757266695,-75.68938398046845,-65.0120222147144,-50.9618124904761,-44.01788307256689,-40.0200011328794,-6.143880122226487,-6.4519135064240665,-71.83690308535766,-88.9843985307415,-90.68809164116335,-89.08043446619267,-68.60401870600722,-40.49462571556512,-11.686609001806392,-3.7454792402476027,8.551670060792684,-64.01657880468464,-99.74520027787496,-100.0,-100.0,-100.0,-100.0,-100.0,-85.80367715827832,-70.3001626148123,-22.412611421631517,-4.8861837545976385,-61.31382788178101,-82.92285181065407,-77.06031635998282,-74.94262903702042,-54.93514371521501,-55.56936883006713,-48.47514943593132,-31.00600150043364,-17.92319488886038
CA,Canada,-100.0,-100.0,-100.0,-100.0,-100.0,-100.0,-75.79333532564915,-60.07251115596119,-53.783652663111624,-52.61905882664552,,,,,,,,,,,,,,,,,,,,,-100.0,-100.0,-100.0,-100.0,-100.0,-90.68505269900653,-14.159116599819427,-3.093601086620273,-0.8869811455801297,3.0056022105769364
ES,Canarias,,,,,,,,,,,,,,,,,,,,,,,,,,,,,,,,,,,,,,,,
CV,Cape Verde,,,,,,,,,,,,,,,,,,,,,,,,,,,,,,,,,,,,,,,,
KY,Cayman Islands,,,,,,,,,,,,,,,,,,,,,,,,,,,,,,,,,,,,,,,,
CF,Central African Republic,-36.317094410630474,-82.74597216544862,-92.5428422666857,-97.22349116605666,-95.44453670072862,-80.44154109999516,-63.65138722026044,-48.76958870464733,-43.959352393427714,-11.914085522865495,-15.723134553152178,-94.46714666424033,-97.88935933936719,-98.73271450902702,-98.02730527192467,-93.39770017971472,-71.06438451578398,-47.176571282599326,-33.51101585370739,-13.89533355863308,,,,,,,,,,,,,,,,,,,,
TD,Chad,-26.074679041987174,-76.47623953401805,-77.51854995536733,-82.87038582994819,-70.86166252042727,-62.42295071823829,-55.75141195675275,-34.11790662441182,-33.385621240802124,-2.6129551506531423,-22.109719597305713,-90.35673619071494,-97.19827220640785,-97.27105859045909,-95.8267095398432,-83.36445231994064,-58.581329769099746,-17.063263262298157,-1.597784335599792,15.96838611589873,-89.41277586529847,-100.0,-96.01058186724454,-100.0,-100.0,-100.0,-89.09268613166769,-25.7177824478834,-14.367434280299697,12.216178778115472,-4.764824544089011,-71.92616224471976,-91.25162846453699,-76.38157081195122,-64.58003200992019,-53.5892539964476,-59.74401176797628,-34.36388112461103,-17.75945804219576,1.4359440380659443
CL,Chile,-4.075552504998434,-100.0,-100.0,-100.0,-100.0,-100.0,-86.43613864624167,-84.78080302347934,-52.8755069192895,-57.383587941529434,-4.480238107697255,-100.0,-100.0,-100.0,-100.0,-100.0,-100.0,-100.0,-86.79829147673962,-55.80339042208004,-7.183585714667682,-53.920876899677914,-79.82702957088799,-90.81318142989035,-90.5450469812829,-100.0,-100.0,-100.0,-100.0,-65.77520397134211,-34.418964593092554,-20.34183051837443,-55.67152022231489,-72.9957859575291,-58.5603893155558,-58.27192271756787,-51.726743952788084,-48.32113846663987,-40.72707113238555,-5.941453399062185
CN,China,-96.5750206773946,-99.99824387007058,-99.97929296123662,-99.69499127490116,-98.81637440718863,-96.77614491799022,-89.90574197573073,-79.86060096540058,-55.953177740696475,-30.66271129227002,-87.84789209511408,-100.0,-99.7970504369876,-99.48471784747713,-99.52150201118576,-95.52198463927292,-91.0689376843268,-87.7537823752016,-75.68585978999042,-36.962666842237205,-99.71711330785796,-100.0,-99.91912164837905,-99.55871763540743,-92.54169498962216,-89.55836583815584,-90.1274964502636,-80.66995482561593,-64.05507500790426,-43.66277336628883,-81.75661950963055,-98.44678170687484,-97.56652521020446,-95.0621823592485,-83.24544734987617,-69.6422122750426,-57.17306097398308,-43.25310502762568,-19.59976238590087,-17.57629994829911
CX,Christmas Island,,,,,,,,,,,,,,,,,,,,,,,,,,,,,,,,,,,,,,,,
CC,Cocos Islands,,,,,,,,,,,,,,,,,,,,,,,,,,,,,,,,,,,,,,,,
CO,Colombia,-43.42355563711296,-89.42077603210197,-74.88995640109985,-80.5195350215108,-75.81107481779085,-63.869741191931126,-59.225928099087355,-41.21304986074064,-21.10706653381315,-4.0635913303629945,-10.929648551132368,-79.13624884810302,-85.66480062910423,-95.1766926331525,-87.83080414368418,-80.87118343837355,-70.02120573879763,-52.03496573308242,-37.33031750987552,-15.891564443786326,-77.89658644507892,-98.74653894005029,-96.4120943760643,-59.99577027480187,-75.21198663873507,-56.668971226978165,-70.82683332419604,-74.99545582205984,-41.024064406410034,-8.423852138984007,-60.599514942124884,-96.27177125140803,-79.06384008094012,-65.65018918774335,-78.61350611352424,-77.54090340036285,-90.43290901264255,-90.91326834438553,-66.91218377742642,-29.077623878715794
KM,Comoros,,,,,,,,,,,,,,,,,,,,,,,,,,,,,,,,,,,,,,,,
CK,Cook Islands,,,,,,,,,,,,,,,,,,,,,,,,,,,,,,,,,,,,,,,,
CR,Costa Rica,-31.899357079646833,-78.48957415462101,-70.48851893750121,-51.33756757165335,-38.885207228603264,-54.86191443713281,-33.19330110975333,-41.751328159009276,-30.544316659990635,-12.694130638207511,-1.4184626545158783,-63.48200205384557,-67.86570014874502,-89.77965559765154,-79.95966401963267,-71.13116006618834,-44.44340083806336,-41.33917136227326,-17.020151567344126,18.311120757058468,-37.70842845523376,-100.0,-100.0,-100.0,-100.0,-93.90185763210096,-56.2905912064054,-42.186946244180724,-0.16235790692026075,18.174265815729576,,,,,,,,,,
HR,Croatia,-100.0,-100.0,-100.0,-100.0,-100.0,-100.0,-100.0,-87.20909117316893,-30.45184416386495,-12.947360058401594,-100.0,-100.0,-100.0,-100.0,-100.0,-86.21753932691986,-86.69897672083215,-66.32836129836868,-35.90865083478266,-12.182760705107087,-100.0,-100.0,-100.0,-100.0,-100.0,-99.83037421507463,-99.05066432145753,-100.0,-65.36653168740021,-57.14640627564918,-100.0,-100.0,-98.8815815694705,-92.74752989667414,-80.6250066624264,-50.31760676649105,-31.40103636810768,-27.62211668684823,-25.666392834117435,-25.06312572775634
CU,Cuba,-67.20015122262225,-85.44026487487977,-85.42112396165648,-76.50235054144721,-73.92730660646944,-67.89451311285431,-35.27868945718357,-24.975181574113325,-20.427686116585804,5.530418334854121,-3.6730587083664545,-74.60586298417984,-99.12709670780215,-100.0,-99.35831064270828,-97.18232121269331,-87.79398272299387,-69.28210894219535,-37.479797776673216,-22.275678854273043,,,,,,,,,,,,,,,,,,,,
CW,Curaçao,-52.42237018711094,-77.53287126818165,-47.0405836140254,-64.23016554084063,-51.104463428737255,-34.52326161845518,-46.172119421079515,-42.15748574295329,-12.559724747398816,-19.482999622781808,,,,,,,,,,,,,,,,,,,,,,,,,,,,,,
CY,Cyprus,-100.0,-100.0,-100.0,-100.0,-100.0,-35.476508320525845,-15.79475439298337,-27.943756243531684,-27.779520330121116,-30.581093692820602,-100.0,-100.0,-100.0,-100.0,-100.0,-100.0,-100.0,-100.0,-100.0,-70.52431840740947,-100.0,-100.0,-100.0,-59.01334981064398,-11.413421138359626,-4.464114581203121,76.64608762526127,115.50664430854087,46.8283198181141,44.475269626542584,-99.11204261474242,-79.82638915652856,-45.832843237021805,11.864932013530545,-17.275953102557576,-22.043812151598743,-17.077990649815202,-21.054416035825668,-10.291407572958288,-21.509085392300815
CZ,Czech Republic,-100.0,-100.0,-100.0,-100.0,-100.0,-100.0,-100.0,-100.0,-82.26229963688517,25.799011344480387,,,,,,,,,,,-100.0,-100.0,-100.0,-100.0,-100.0,-100.0,-100.0,-100.0,-76.5237424603799,-49.31580105250277,-100.0,-100.0,-100.0,-100.0,-98.27098787350138,-83.9712505394983,-52.731125798949684,-30.895577236274743,-27.03267603918133,-20.58001545850563
CI,Côte d'Ivoire,-33.667312144946806,-77.6937497355229,-70.77160041602313,-77.0052658726508,-72.532438926184,-68.05373051010965,-49.788096149511844,-34.5066169798896,-40.32791036167288,-2.502600386809858,3.5715698936239573,-88.28015021179631,-94.21844425191479,-94.1525330207307,-88.89158203995792,-76.99989423569104,-50.16803546600433,-27.445765810810826,-16.651093121522933,11.609471455971716,,,,,,,,,,,-9.616218637736743,-64.49747266106709,-88.44064822985634,-88.16426026514442,-78.05726529430957,-67.94962514432069,-60.67619288783371,-59.886251402013976,-42.08700085324089,-9.724910266526571
CD,Democratic Republic of the Congo,-17.574810518098932,-78.44922170219681,-92.6245792277197,-97.49855708731894,-95.99663865996104,-89.71167575055112,-79.00193259966497,-65.53114564339295,-51.451102860472076,-31.032855602116857,-14.120363627857207,-91.39604112770499,-98.93311744570782,-99.53373695155304,-99.75302539751756,-98.07864560037854,-91.13981038256125,-75.75934743846264,-63.877354632876845,-48.844186326625035,-52.537569434836165,-52.4626326295236,-34.89026124331328,-34.164551565939995,-55.001844017211056,-52.590612613861,-70.00863049931542,-89.0030302289688,-86.52829684854169,-57.947645123106646,-18.60907108329304,-43.41679728720303,-92.63507963857626,-95.95215747618758,-91.42230759072554,-90.28782153643229,-81.27369647071873,-64.51941743193557,-54.97841575240933,-32.4951041736858
DK,Denmark,-100.0,-100.0,-100.0,-100.0,-100.0,-100.0,-100.0,-100.0,-100.0,-33.790870770716964,,,,,,,,,,,,,,,,,,,,,-100.0,-100.0,-100.0,-100.0,-100.0,-100.0,-100.0,-90.65286527105792,-63.47251873958766,-29.713394827553987
DJ,Djibouti,-44.068708133721415,-100.0,-100.0,-100.0,-100.0,-100.0,-81.97814569125082,-51.08185242973777,-35.52627355959042,-21.184189184335096,-20.788508006784422,-100.0,-100.0,-100.0,-100.0,-100.0,-100.0,-85.41824537439338,-64.3430137430647,-22.088086648422824,-94.79319074240296,-92.20248938037857,-71.05765469065413,-63.40658267690462,-65.29163517879144,-86.77259883719535,-55.388421881414295,-61.74157518449991,-80.39026313361038,-23.11042535602392,15.185984777715962,-100.0,-100.0,-100.0,-100.0,-98.18056364315888,-82.46426576375774,-60.10411101866174,-40.71944252115918,-34.15953144899057
DM,Dominica,,,,,,,,,,,,,,,,,,,,,,,,,,,,,,,,,,,,,,,,
DO,Dominican Republic,-62.92925310112694,-81.42001845096328,-70.86415940729987,-58.246593367040546,-64.99099958526436,-51.04152425947242,-26.158073666991346,-9.144134022610851,-3.362401971256895,9.329451933235125,6.382143527250822,-63.44732491585429,-86.31304632632369,-98.39247795123129,-92.20170935254642,-86.2116186068352,-71.89120849876564,-45.388377509912516,-20.52555674012085,1.627830798180223,,,,,,,,,,,,,,,,,,,,
EC,Ecuador,-8.949887068768492,-70.30533485156067,-92.00243799494781,-98.18426107755197,-89.09480542967223,-83.32172109839738,-69.52611021209594,-52.9886646012801,-22.147692648493095,-16.447606602618137,-4.395801974904771,-76.8372614176285,-100.0,-100.0,-99.75397853838783,-94.04604140886785,-84.00683615693741,-58.14312115284128,-48.79910922087371,-45.36705786528886,-8.048930544464854,-100.0,-91.39408814561361,-99.12390600275754,-84.97235449633709,-99.89050471329712,-100.0,-100.0,-95.60576013367326,-58.554785526495415,-8.928021394240984,-91.6107885789153,-100.0,-100.0,-96.1568037869671,-99.10860735279839,-100.0,-90.92450841851452,-69.39981856038477,-35.360670914550006
EG,Egypt,-89.1121874393832,-100.0,-100.0,-97.78493560854882,-82.92622590339369,-49.91012710164864,-11.666619600133899,-3.7934377409336477,0.09705882674485598,2.6382344860108864,-61.7228293290203,-100.0,-100.0,-100.0,-78.97726823013542,-61.263477613748464,-48.11687311102308,-30.136518152393055,-10.163831438843188,-11.526981088546652,-96.98756454892361,-100.0,-94.45522152283976,-69.44003537363274,-51.89098485491175,-37.69717591254003,17.004209258112382,35.72186703878726,21.300145261461918,12.125637451755734,-45.65478343880528,-57.698714077211235,-40.03618956110316,-29.671914776738724,-26.98464703656665,-13.342797694482487,-7.76954146298877,-1.0136411845598283,-4.098753152507616,-3.302733248279006
SV,El Salvador,-43.63560356876803,-84.7928938390132,-83.05747254006602,-79.25496912942154,-64.71626468909935,-53.7708871101569,-26.204019418807587,-23.700088084517702,-12.733034038262701,-0.9318190893553046,-0.1581193433990355,-74.99284885512523,-98.63044324593284,-99.57065054021028,-96.92180221866893,-88.33396066645011,-66.80445335350939,-42.01283398721824,-15.2451551089596,-22.22172851247633,-61.466997271020354,-100.0,-100.0,-100.0,-95.51400970754088,-100.0,-69.770460967896,-30.06934233402461,-2.707526601660536,8.606040812751086,-29.95743208386565,-38.88393996272104,-67.74874266283484,-70.68990885444866,-48.07833676922276,-40.2992997186305,-45.02724915169037,-17.75477759024337,9.253690860492435,21.714874701478376
GQ,Equatorial Guinea,,,,,,,,,,,,,,,,,,,,,,,,,,,,,,,,,,,,,,,,
ER,Eritrea,-31.887011165301228,-81.98643508653814,-87.78135409175573,-87.38030736817723,-84.69471782832998,-78.4711305771711,-46.853554600337574,-31.179828273297325,-25.243570024225257,-3.3852644736221293,-3.96903529348281,-100.0,-100.0,-100.0,-98.5009846804663,-91.80399946241926,-81.72556426844568,-47.56211382056227,-24.836401482407364,-8.646444356477105,-73.78477463111732,-100.0,-83.32437000417471,-85.59758209003874,-92.23836134529199,-100.0,-89.19257644317165,-76.21511042511186,-58.15901112858897,11.968108059760512,-17.65604274657661,-56.11355861688441,-80.6500064006668,-78.6123854761661,-76.93392109030067,-71.06692096181081,-51.12148470132832,-35.350210045891416,-21.629701600034988,-12.84704479163244
EE,Estonia,,,,,,,,,,,,,,,,,,,,,,,,,,,,,,,-100.0,-100.0,-100.0,-100.0,-100.0,-100.0,-100.0,-100.0,-94.42717326711029,-18.553651338979922
ET,Ethiopia,-39.89260432687306,-94.63571633704014,-97.83390659267565,-97.98092936299543,-94.83866968517107,-93.5795063095035,-77.03380822102488,-60.603025586921596,-47.32520121509218,-22.94220487468762,-0.9396425840917597,-100.0,-100.0,-100.0,-100.0,-99.43194550535841,-98.15714661960456,-89.87572090041748,-77.43109712115807,-48.58471499283759,-93.9494860058134,-63.262819915664075,-58.13819789604076,-61.53171354727024,-65.07647101174959,-93.98749108780197,-67.100684934399,-85.461027846809,-79.12625079067514,-13.619800797308287,-23.445681497143624,-89.8429836749378,-95.971022773224,-95.14313045431854,-94.2257686123055,-90.23348171316978,-79.53768618406265,-68.55959245427505,-61.50716042644644,-40.75984298750818
FK,Falkland Islands,,,,,,,,,,,,,,,,,,,,,,,,,,,,,,,,,,,,,,,,
FO,Faroe Islands,,,,,,,,,,,,,,,,,,,,,,,,,,,,,,,,,,,,,,,,
FJ,Fiji,7.338400870595988,-39.02585193228301,-60.257879390087275,-60.69115316873803,-80.17926029373656,-37.85012308741856,-64.56951692721391,-20.610866354840486,-49.79553495030434,-10.012527536566829,-0.0059505436971669275,-30.391844141643126,-65.0872219708489,-80.35271144215893,-81.53995260282557,-75.6305279953609,-64.72346022293037,-65.87819881768812,-53.289496410025,-10.78582654874885,,,,,,,,,,,,,,,,,,,,
FI,Finland,,,,,,,,,,,,,,,,,,,,,,,,,,,,,,,-100.0,-100.0,-100.0,-100.0,-100.0,-100.0,-100.0,-100.0,-100.0,-18.73434554893283
FR,France,-100.0,-100.0,-100.0,-100.0,-100.0,-100.0,-99.39369333609879,-77.98606335901856,-28.03761283990468,-21.02065941689215,-100.0,-100.0,-100.0,-100.0,-100.0,-69.4401346862073,-28.18641299457876,-31.774734513176828,-53.74128254056741,-10.428201075684413,-100.0,-100.0,-100.0,-100.0,-99.57265616400954,-97.65457449053888,-98.6800388900309,-89.50168476596785,-48.79561336397508,-50.664468252977215,-100.0,-98.58553629589301,-93.85432938300245,-87.39437743809862,-75.8392869355282,-59.062152203543405,-32.94809441838414,-21.582169062259343,-28.567278427268544,-21.223853239644754
GF,French Guiana,,,,,,,,,,,4.420838166051377,-62.27232106734755,-66.2805100746416,-89.62750014651849,-83.0016919787891,-77.86413091373481,-63.78128371020266,-42.75063939342322,-27.722266797247258,-13.582081988151135,,,,,,,,,,,,,,,,,,,,
PF,French Polynesia,,,,,,,,,,,,,,,,,,,,,,,,,,,,,,,,,,,,,,,,
TF,French Southern Territories,,,,,,,,,,,,,,,,,,,,,,,,,,,,,,,,,,,,,,,,
GA,Gabon,9.348196394755732,-54.22437551626232,-85.14065897225707,-91.03812742121183,-81.18149574140169,-68.36957168592278,-62.709602087053234,-31.680732771410206,-24.685729348773943,-14.776926785864246,0.7858704529496955,-75.8700201082579,-96.58814815429646,-99.19173546745964,-96.67938456294799,-86.7089754293998,-77.60207980301816,-60.721206277304965,-42.77012410720442,-23.962982709436663,,,,,,,,,,,,,,,,,,,,
GM,Gambia,-31.6796162487262,-74.8278112223796,-68.16938890532691,-55.07210104389991,-39.531589917121046,-63.33659753918578,-30.54056356930664,-43.79754718573405,1.9417014614905452,-22.628743517677318,8.679477871902565,-70.25386024177475,-71.20940727162954,-89.3032099111796,-77.39970146387334,-75.05395750535257,-49.27093638665705,-26.390180530742434,-5.583344980371676,24.79137486391554,,,,,,,,,,,,,,,,,,,,
GE,Georgia,-100.0,-100.0,-100.0,-100.0,-100.0,-100.0,-70.4703061016312,-41.57788062318607,-3.192300215082963,-4.708280569755836,-100.0,-100.0,-100.0,-100.0,-100.0,-49.82321555267887,-73.54217338620842,-74.05184154572866,-48.65330957197322,59.774977060932706,-100.0,-100.0,-100.0,-100.0,-82.95737434038392,-63.98777038597246,-87.74074308052583,-60.37136992981856,-43.11884380917456,-48.87105646921924,-100.0,-100.0,-100.0,-100.0,-95.68429635338244,-41.185776403968,-11.628112475733676,-4.017119146310982,0.44626697443799423,31.291521583232768
DE,Germany,-100.0,-100.0,-100.0,-100.0,-100.0,-100.0,-100.0,-99.8962390970133,-82.62118535189961,-1.9167804388299996,-100.0,-100.0,-100.0,-100.0,-100.0,-100.0,-100.0,-100.0,-100.0,-100.0,-100.0,-100.0,-100.0,-100.0,-100.0,-100.0,-100.0,-88.39305137753742,-48.30306128063525,-66.25500031456762,-100.0,-100.0,-100.0,-100.0,-100.0,-98.9016697491104,-69.47225711554512,-25.325704150078607,-21.04912466299609,-18.81907276267663
GH,Ghana,-32.33102936239219,-69.7019711730585,-62.93282508408677,-68.81208233735437,-65.35967351058585,-61.69352446661018,-47.37303121885063,-38.940411077289966,-39.88649725616898,-4.729309517519635,7.899325458320694,-84.07218370979434,-89.88293792502967,-90.89494568387488,-84.24245742322758,-68.48137927706117,-43.14052880531113,-19.63991519466466,-0.264710168788931,16.526869376713883,,,,,,,,,,,,,,,,,,,,
GI,Gibraltar,-100.0,-100.0,-100.0,-100.0,-100.0,-100.0,-87.08947355929723,34.1559336465177,47.525176111960754,33.627260381640475,-100.0,-100.0,-100.0,-100.0,-80.3081834853964,-50.06123928653842,41.74382583761589,30.437661828725023,130.50365146180704,73.65516364657447,,,,,,,,,,,-100.0,-84.38651654644121,-45.47244617794488,-9.831260471931223,-6.851254301166979,-20.98659793361876,1.1170072414905157,-7.449616900384971,-31.443917754787144,-17.37453519168266
TF,Glorioso Islands,,,,,,,,,,,,,,,,,,,,,,,,,,,,,,,,,,,,,,,,
GR,Greece,-100.0,-100.0,-100.0,-100.0,-100.0,-93.12987679710115,-82.31301608200069,-44.28745117089881,-13.500370197626971,-17.19158169066893,-100.0,-100.0,-100.0,-100.0,-96.94048168984578,-77.51184044022469,-79.8172807318123,-66.41988269361818,-59.80004049239761,-43.64746395275487,-100.0,-100.0,-100.0,-100.0,-100.0,-95.24036331199183,-92.40064328700859,-100.0,-33.08478274846476,-48.484559072326896,-100.0,-91.3733027900676,-68.18171371913452,-55.574854951680024,-37.36267812370229,-32.30169176672746,-27.440422642389333,-31.197335143923148,-22.965277249477314,-26.353338833280645
GL,Greenland,,,,,,,,,,,,,,,,,,,,,,,,,,,,,,,,,,,,,,,,
GD,Grenada,,,,,,,,,,,,,,,,,,,,,,,,,,,,,,,,,,,,,,,,
GP,Guadeloupe,,,,,,,,,,,,,,,,,,,,,,,,,,,,,,,,,,,,,,,,
GU,Guam,,,,,,,,,,,,,,,,,,,,,,,,,,,,,,,,,,,,,,,,
GT,Guatemala,-50.18976973931839,-83.32957797273548,-87.22756095131629,-85.71484051028642,-73.52219296945125,-60.410558052980825,-35.867540319208295,-16.74788611881814,-1.6642785955528931,9.616430390515212,-6.75063827721446,-83.41468580667059,-99.40156861027421,-100.0,-97.94990549764694,-92.87421726162962,-76.08599854949362,-48.59684853250548,-9.784051767475647,2.405222857582602,-67.3520317722175,-100.0,-97.6310205955008,-100.0,-100.0,-100.0,-88.49130364065168,-34.81935813149755,-0.7778330734979758,7.772234748023684,-43.893706376258734,-32.38139266687187,-70.23045670961132,-75.85204794728233,-57.62243087735094,-50.18170330493585,-51.86668077366753,-41.01233671385897,-4.177961093897626,-2.407387535620179
GG,Guernsey,,,,,,,,,,,,,,,,,,,,,,,,,,,,,,,,,,,,,,,,
GN,Guinea,-23.0624799975638,-82.88451796709691,-77.21288943485483,-74.16227816960088,-68.85338231682033,-60.35411070082476,-42.67711014570133,-14.89913397928516,-29.692876705358834,-2.0773353301121533,2.6264529953716025,-86.84962814599578,-92.1685030930244,-94.57056688587738,-88.83299498377974,-78.1566576154224,-47.454310972108914,-20.42227706832093,-10.831939852544465,15.2007937865977,-54.77388445972249,-100.0,-100.0,-100.0,-100.0,-100.0,-100.0,-83.86936824850434,-82.21897517305808,-53.400454913779626,-9.24561422611515,-54.97398512709651,-81.80808090534285,-76.18205909382218,-69.68358145235838,-52.16777081398071,-29.56585970872217,8.843701076748102,15.752589230855847,14.00415860314151
GW,Guinea-Bissau,-28.969252620460004,-76.7413494889524,-65.20700035918614,-58.223773229841335,-51.80882595580394,-53.86501594891394,-37.149906673008886,-9.18046472941605,-15.625071709147525,-5.286109789051708,3.8869184176532494,-67.53532481408699,-73.89253476040331,-87.87811031849904,-78.31503567124744,-74.8077851277615,-48.73804291454285,-23.422521701889707,4.482644768272947,23.41881517991099,,,,,,,,,,,,,,,,,,,,
GY,Guyana,-46.83867840861528,-87.623186033767,-82.03680501085405,-87.20560242674284,-81.02980391452375,-67.79628593259656,-53.22389837734808,-34.555567518860684,-14.188403568498462,-5.278433350548265,-4.135951251451675,-67.37640791292327,-77.4380839862902,-91.22219849378716,-82.80216653666258,-78.74341264733744,-58.61901411623945,-55.50982731782588,-29.14118699587613,-0.10635130672584465,,,,,,,,,,,,,,,,,,,,
HT,Haiti,-59.2704266295543,-80.27309963235045,-69.10548228020683,-59.57484098859947,-65.23193877698665,-53.587796072978804,-28.8672861094049,-9.864063925256527,-3.498614452046307,9.410616838561479,8.419007449863589,-61.98032599533979,-86.16587555446436,-97.63357922320338,-92.63954578611946,-84.76886256520613,-73.03873314247441,-41.33141306817891,-18.71410029000607,15.264071903855134,,,,,,,,,,,,,,,,,,,,
HM,Heard Island and McDonald Islands,,,,,,,,,,,,,,,,,,,,,,,,,,,,,,,,,,,,,,,,
HN,Honduras,-48.13255195214818,-81.744791555414,-83.20030578081399,-77.79149456687001,-62.98048302027865,-52.488285285758224,-23.60030909384461,-17.584999047531234,-5.441539553523777,2.5884501723854867,-2.898504675668742,-75.65873530454397,-98.87604976413945,-99.76432678184607,-96.51255895317654,-88.03335825991047,-68.77378194069833,-44.18237478076612,-19.35613607085608,-18.58121140207147,-64.06241509748143,-100.0,-100.0,-100.0,-96.62206089880112,-100.0,-74.72784578385408,-30.331219350107705,-4.1756915367934,8.711740185180838,-38.456503469061246,-35.75613358986316,-72.55669383043326,-73.52705050116441,-54.923690770243276,-46.415183366403824,-49.82510757665372,-31.846381695986675,-2.0363600448780668,9.667133265320649
HU,Hungary,-100.0,-100.0,-100.0,-100.0,-100.0,-100.0,-100.0,-99.8820712120526,-36.78886744755159,2.504551322815749,-100.0,-100.0,-100.0,-100.0,-100.0,-100.0,-100.0,-100.0,-100.0,-100.0,-100.0,-100.0,-100.0,-100.0,-100.0,-100.0,-100.0,-100.0,-84.54823672580783,-53.55791723002474,-100.0,-100.0,-100.0,-100.0,-92.23258067568527,-53.39463015511571,-40.55895801636282,-33.52474026532764,-31.35908440435131,-25.489409556984874
IS,Iceland,,,,,,,,,,,,,,,,,,,,,,,,,,,,,,,,,,,,,,,,
IN,India,-40.15487414623592,-93.15771180367537,-93.51158520390825,-90.0460373988535,-72.51052943163671,-53.992984549414004,-44.500099701068415,-37.594641650677616,-18.674303608671703,-15.814567635064366,-16.611872811917873,-93.87294807159986,-96.74789971416826,-93.10772033173009,-87.33771448729112,-80.64843242811499,-70.64134727879959,-40.212455257854316,-10.727487836767516,-3.830609912327475,-71.04713453590597,-99.94442687870301,-98.17402280547331,-97.85994888488716,-97.37304134740043,-87.32062718511031,-55.22993166679495,-24.55697541157413,-3.6181950648034937,3.904981929168369,-36.75806354823694,-54.14951631076383,-54.877992281804396,-55.43943809762259,-48.38036355475187,-38.511663554901176,-33.347978005836396,-21.73401456351365,-10.60526186890991,-8.31434441326825
ID,Indonesia,-18.368777917050082,-62.79989682702809,-62.35668643346781,-44.865929877168746,-57.88169536655396,-51.957384360037004,-31.692920193008497,-15.659073364719632,-21.719846172549996,-11.40644154517698,-4.579336869712818,-55.29649315819007,-77.53446789595384,-88.20128913320345,-81.82760660744981,-73.59447071796639,-59.81570802727642,-46.72517283478908,-22.2188703880171,-15.271700065743268,-15.239778312847294,-71.98059053181329,-97.18185618513004,-90.82066787867323,-94.14428007444423,-98.08790136654441,-81.08072676484991,-39.6931375924998,-5.809842961887193,-13.407140407106322,,,,,,,,,,
IR,Iran,-94.89517032831847,-100.0,-100.0,-100.0,-95.89171290771192,-78.36282375692173,-34.17478490079273,-6.1514832909285095,-8.896861056620711,-0.8688772049829053,-78.45666568323196,-100.0,-100.0,-99.8467535900618,-97.97413332729519,-84.62840542010574,-66.37823645339458,-48.391361938987465,-31.963910172319263,-15.369518084734617,-100.0,-100.0,-97.16544995722025,-88.11543005050879,-71.48164274065964,-60.483532062223446,-35.91176992337298,4.1856463786168066,6.836365644980577,-8.917410561503821,-64.21075170934758,-97.77554288067529,-96.60390149731666,-85.22801025931606,-54.430379408756416,-31.69615397091316,-29.552231957233296,-21.97622838560817,-12.052365626774353,-1.198906109327371
IQ,Iraq,-97.73696094649846,-100.0,-100.0,-100.0,-86.66217857803451,-60.29327521226232,-16.879279989165365,-8.62016090311835,-7.595638220489124,-8.141132710405405,-82.90916517061032,-100.0,-100.0,-100.0,-96.6688227435253,-72.61921515763758,-79.48721635071094,-48.96579647322964,-25.961221459467602,-16.586772343141266,-100.0,-100.0,-98.92964351992663,-98.58744460725474,-88.67075788725238,-65.05997104570869,-9.593697292762474,-4.099380923615823,-0.6986155354655454,-9.445391224980506,-72.27444125339917,-99.82712065731575,-88.98712038482311,-64.21977503018293,-42.67096257587051,-37.64088606267907,-27.05055238861799,-23.60694506473823,-14.582716836559529,-4.22919201930691
IE,Ireland,,,,,,,,,,,,,,,,,,,,,,,,,,,,,,,,,,,,,,,,
IM,Isle of Man,,,,,,,,,,,,,,,,,,,,,,,,,,,,,,,,,,,,,,,,
IL,Israel,-100.0,-100.0,-100.0,-100.0,-100.0,-44.064452084275004,-4.990742231000641,-19.054717673689552,10.565416027326615,-7.350480686083209,-100.0,-100.0,-100.0,-100.0,-56.351934568499885,-68.6620433475531,-76.5863401120014,-100.0,-81.82154061256928,-57.838298246166865,,,,,,,,,,,-73.12690164650809,-82.36354252250611,-65.02198324266973,-42.315299799987486,-38.06511922045221,-24.784634516587005,-8.57056587486086,-8.317443793019862,-1.710526763806126,-9.270511932856211
IT,Italy,-100.0,-100.0,-100.0,-100.0,-100.0,-98.91573721683555,-86.41756203670033,-39.26466099898187,-9.0030794377575,-3.282943433095076,-99.74693531479842,-100.0,-100.0,-97.42824772075512,-87.57959178927189,-59.17937310887998,-41.15116320256235,-18.521868486024964,4.4642778084142565,21.60420821889003,-100.0,-100.0,-100.0,-100.0,-100.0,-100.0,-100.0,-97.82253941963296,-60.589909695317125,-60.519853995148104,-100.0,-92.33268440048676,-66.06633699299734,-49.007796011204206,-39.51775444171577,-31.812681213520506,-23.340544367174534,-23.703195043087796,-19.65261993174269,-26.094511959274598
JM,Jamaica,-56.042823899172234,-78.3422710050929,-67.4842805381355,-61.71194303103235,-60.18960695528877,-54.39004704024087,-32.05326431978459,-13.905708536034203,-7.8075116582776145,6.417057341004714,9.143120710135767,-60.80029744845916,-86.88467423787907,-96.32695288128066,-91.83740737109645,-84.66414233842644,-73.84668922853966,-44.8875646879191,-27.976098664580793,31.67597072204157,,,,,,,,,,,,,,,,,,,,
JP,Japan,-98.64964859987442,-100.0,-100.0,-100.0,-100.0,-99.00570251365907,-98.72556851882658,-97.53402334450371,-95.27270711124297,-61.483028405950996,-96.7835553339955,-100.0,-100.0,-100.0,-100.0,-100.0,-100.0,-91.0262376010561,-91.71836919409182,-17.613341621212914,-100.0,-100.0,-100.0,-100.0,-100.0,-100.0,-98.74187121506195,-84.3873353766276,-96.30919014580056,-67.11909335907693,-94.80253139609678,-99.63126154210921,-99.55905743251829,-98.58360510043146,-97.96770130429042,-92.11131153309319,-82.15139485128125,-58.025122434840775,-33.19557504830302,8.525657429510195
JE,Jersey,-100.0,-100.0,-100.0,-100.0,-100.0,-100.0,-100.0,-100.0,-33.7820819931424,-37.37439824014861,-100.0,,,,,,,,,,,,,,,,,,,,-100.0,-100.0,-100.0,-100.0,-88.43678472399993,-78.6386234400514,-28.213221641439418,-33.06937484263866,-39.10424688808296,-22.639628376249245
JO,Jordan,-100.0,-100.0,-100.0,-100.0,-100.0,-42.987975906201974,-3.857421361687021,-20.4166915810705,5.906805014873358,-10.686062773697097,-100.0,-100.0,-100.0,-100.0,-56.351934568499885,-68.6620433475531,-76.5863401120014,-100.0,-81.82154061256928,-57.838298246166865,,,,,,,,,,,-69.9758222387266,-87.75388156086436,-75.78008212803043,-50.343231384672066,-38.489151844309,-31.624279216094553,-15.710249112934754,-16.9336876731884,-8.413083120117507,-13.411235260459888
TF,Juan De Nova Island,,,,,,,,,,,,,,,,,,,,,,,,,,,,,,,,,,,,,,,,
KZ,Kazakhstan,-100.0,-100.0,-100.0,-100.0,-100.0,-100.0,-96.8946552866174,-79.19610394242652,-27.50801142931812,-20.181153583880107,-100.0,-100.0,-100.0,-100.0,-98.33654745795891,-90.78499635097202,-85.60580934232888,-81.3634259641366,-47.71022750553357,-17.66723264573961,-100.0,-100.0,-100.0,-99.23523034999577,-93.99733277457338,-91.0441078095777,-82.8586505278655,-57.05602039972944,-39.30429533464651,-36.33754427450155,-99.29475376003197,-100.0,-100.0,-100.0,-97.30414092104772,-78.82451972728055,-60.72750512048671,-41.010646586537206,-23.40233975937526,-1.3124390200032852
KE,Kenya,-18.05792211991824,-90.70493019784996,-89.11111294236008,-91.50747193900514,-89.78074152327119,-83.37131721012712,-71.12041452125247,-53.77986347319716,-31.558335802274623,-1.4579838318202407,-0.8105241126147563,-95.73833289382533,-99.01478804693168,-98.79976613164679,-98.5988518151572,-97.43650008279569,-95.84279614802341,-84.87370061247373,-65.9053797940178,-35.73015894654197,-100.0,8.279557627978809,53.90848350642778,74.76103066951389,36.25334150395056,-3.5744662489909897,4.63585679333026,-64.16886002656962,-79.57432171442719,-16.68836915356319,-12.265040354106377,-90.75991829808443,-100.0,-100.0,-100.0,-100.0,-90.53394072846508,-69.70483856152461,-55.71192607847583,-29.709662180843456
KI,Kiribati,,,,,,,,,,,,,,,,,,,,,,,,,,,,,,,,,,,,,,,,
KW,Kuwait,-82.1276926208242,-100.0,-100.0,-100.0,-61.6049837761835,-59.836696338706126,3.157641518441415,-7.571642125388751,2.277658149513243,-13.79711803324581,-22.741562716873727,-100.0,-100.0,-100.0,-99.76526474986527,-99.59286373440725,-72.89675987528474,-40.57035795894447,-20.27755879813044,-14.148581701683373,,,,,,,,,,,-43.87089758436936,-100.0,-82.29376095185026,-60.70442512912602,-64.38811305904792,-53.98470735421249,-36.435566074268365,-16.72807041314369,-2.287016954582205,7.4735081736881535
KG,Kyrgyzstan,-100.0,-100.0,-100.0,-100.0,-100.0,-100.0,-74.49761219051618,-44.912096332673805,-9.790481462608751,-2.12505326223763,-100.0,-100.0,-100.0,-100.0,-98.09910061498817,-43.9740913087575,-52.16312162692469,-93.22074803992713,-62.43758017913551,-13.739002412837715,-100.0,-100.0,-100.0,-94.81446248774816,-73.48501061953063,-93.2046895787187,-50.49521135040809,-36.73398207533082,-52.040073573871226,-51.33336181982038,-99.40674274732771,-100.0,-100.0,-100.0,-91.06249584960848,-46.76882579554297,-11.877632334532294,-11.37367787404258,-11.680700461141535,-6.527189911149182
LA,Laos,-69.81240219532596,-99.17310641973845,-99.8790265009051,-94.49564494040695,-85.20749958982036,-72.12783229924653,-50.54376082547922,-32.97541882162626,-24.573961552280018,-17.018606692534856,-40.04487041934618,-100.0,-98.37118613864897,-96.65771352640495,-96.86547571104184,-95.31953689191334,-87.8044070169702,-70.52507730462113,-48.09225405159018,-27.306245666840457,-92.63234954716093,-100.0,-98.59516594076734,-95.80496191296571,-98.30270325895934,-99.57638202177993,-95.91701139064672,-73.31208439812649,-37.5432992569946,-8.17398921888926,-54.190055784308825,-95.96121126494131,-95.59624676666493,-92.55505241272817,-81.8782226320617,-59.370386066370536,-33.22245599106169,-17.59700780796829,-43.001203197620164,-28.900709124880546
LV,Latvia,-100.0,-100.0,-100.0,-100.0,-100.0,-100.0,-100.0,-100.0,-100.0,-4.739880080178918,,,,,,,,,,,,,,,,,,,,,-100.0,-100.0,-100.0,-100.0,-100.0,-100.0,-100.0,-100.0,-52.390663510947405,-20.152905377441925
LB,Lebanon,-100.0,-100.0,-100.0,-100.0,-100.0,-24.90137176639497,-3.5613033240320555,-20.463828529736272,-9.056207160910185,-15.11619711533535,,,,,,,,,,,-100.0,-100.0,-100.0,-100.0,-42.58505863464294,-20.796854016521216,98.97491926604499,62.5020291322296,6.678276488726924,-4.249982673147564,-94.13394508577552,-86.46229115943183,-72.57077771320424,-38.76002625583146,-38.5635400478659,-33.894352107901696,-27.426170054669242,-27.70622347967182,-14.252577069571792,-15.736406479637346
LS,Lesotho,-5.593615128112653,-100.0,-100.0,-100.0,-100.0,-100.0,-95.11120484974884,-71.7557616138625,-52.657652529198174,-27.69917562924983,,,,,,,,,,,-37.968478864297666,-86.70960464911542,-62.11980874351755,-54.999777367761695,-19.98677231874071,-65.306438320309,-53.560914349383296,-54.25916283064111,-18.160050034496717,-7.083510692240339,-35.96557522796718,-20.82123150919498,-74.43378844145616,-41.36292629535568,-52.81106344750891,-68.41397818658514,-35.83637713551016,-21.933830694102795,-48.3317683359046,-21.9060456160295
LR,Liberia,-29.79400398068564,-83.5945814217276,-70.39349122840426,-74.4044351989301,-74.41257273310714,-67.99946822912982,-53.788693573635044,-48.056183834865,-46.78371367344637,-12.267361408305122,4.204874739281418,-81.66550948774406,-92.82454760737248,-90.52129395135731,-87.07634247164874,-79.0971288041118,-64.9555737373785,-50.11289725997563,-29.002149267394543,7.224696247549101,-41.98056526898808,-100.0,-100.0,-100.0,-100.0,-100.0,-89.40905880802276,-74.22041582227409,-73.71751505449613,-41.511096409225296,,,,,,,,,,
LY,Libya,-100.0,-100.0,-100.0,-100.0,-100.0,-79.02835275667672,-50.702498385318606,-32.39596970624147,-7.603316459004732,-31.31531832434583,,,,,,,,,,,,,,,,,,,,,-83.38405135810817,-57.8470063431168,-37.974900123951464,-43.709774422165594,-12.989830061778111,-28.430801568229192,-36.06136267766962,-43.03673814998226,-35.2304458860382,-36.0918011876821
LI,Liechtenstein,-100.0,-100.0,-100.0,-100.0,-100.0,-100.0,-100.0,-100.0,-74.01925192852423,-22.154146852409756,-100.0,-100.0,-100.0,-100.0,-100.0,-100.0,-100.0,-100.0,-100.0,-100.0,-100.0,-100.0,-100.0,-100.0,-100.0,-100.0,-100.0,-100.0,-53.18108412112044,-62.0696163232341,-100.0,-100.0,-100.0,-100.0,-100.0,-89.84228516688394,-32.18718077138882,-13.231006425444587,-8.746723380748739,-20.562505016223902
LT,Lithuania,-100.0,-100.0,-100.0,-100.0,-100.0,-100.0,-100.0,-100.0,-100.0,-12.535991217506684,,,,,,,,,,,,,,,,,,,,,-100.0,-100.0,-100.0,-100.0,-100.0,-100.0,-100.0,-87.4220325219161,-27.789723665712927,-21.17599115953549
LU,Luxembourg,-100.0,-100.0,-100.0,-100.0,-100.0,-100.0,-100.0,-99.2713778299805,-54.92505944930914,-4.472600690330206,,,,,,,,,,,,,,,,,,,,,-100.0,-100.0,-100.0,-100.0,-100.0,-100.0,-68.18877438933181,-25.856880403826832,-33.48925566585956,-35.84844570690899
MK,Macedonia,-100.0,-100.0,-100.0,-100.0,-100.0,-100.0,-100.0,-82.87460311951563,21.288428805798727,-29.92285070530757,-100.0,-100.0,-100.0,-100.0,-100.0,-100.0,-75.44373862105087,-62.5184668609975,-50.208361924656415,-25.692471367206085,-100.0,-100.0,-100.0,-100.0,-100.0,-97.73546255021378,-95.32887005242591,-100.0,-50.561569157767,-56.782137784253905,-100.0,-100.0,-100.0,-94.90500753468328,-71.49459335606755,-28.880566623849965,-19.24054652199071,-25.225218006782992,-21.359477262618345,-21.277826773937022
MG,Madagascar,-1.1413932020084618,-56.62476714223133,-75.17851487352482,-82.96093837317193,-83.22402272278313,-76.06058414342294,-62.73940596965697,-47.815182586718656,-32.59614183945017,-14.290469115042571,-1.9650543976559773,-58.47553181283507,-90.54727695862783,-92.40726383017851,-91.01992972676967,-81.04118642084173,-69.32390811491909,-52.58436001479204,-46.31503009351563,-26.452846304352473,,,,,,,,,,,,,,,,,,,,
MW,Malawi,-6.543349018261595,-74.49817815543196,-94.70563697655548,-94.92326937363141,-93.87834005453382,-89.149019607026,-75.07904978943152,-62.07385465396071,-46.62941183729148,-22.535820506223377,-6.937280532170738,-87.60735968833727,-98.7345943010577,-98.76387451984583,-98.49253214598853,-94.76109761859162,-91.91490839075712,-82.17227630587364,-51.13979573368429,-34.159452985280815,-15.172121261996304,-90.46028630664075,-62.87109142185726,-48.12214689120839,-51.054425868851204,-39.17958251100372,-51.10562284222035,-73.30142816229557,-88.16102978236574,-49.089694100004166,-1.411015646072676,-54.3575370062188,-99.87407933928645,-100.0,-99.13681188059248,-92.57750699100927,-65.32777222572886,-52.42515281418499,-29.21309361501014,29.16084276222165
MY,Malaysia,-36.022133305145125,-73.69794399449013,-67.4306669415956,-63.4867159922524,-65.59444022465608,-28.680533890732043,-37.39178188176424,-25.022976430629225,-5.594737326834903,1.5370927574522621,-7.608740117511997,-76.33778848460021,-95.77662869521849,-96.57600718689517,-87.57732884523057,-76.63549809535219,-60.90474225973354,-41.70928921687087,-3.59138775868386,-3.654254541455911,-44.89335845760814,-100.0,-96.97713346753552,-99.94435898313577,-100.0,-99.60236873295275,-80.13256421591826,-30.91059072159581,-8.12686099690134,0.3682532562330176,,,,,,,,,,
MV,Maldives,,,,,,,,,,,,,,,,,,,,,,,,,,,,,,,,,,,,,,,,
ML,Mali,-23.918588378972455,-77.38776842477725,-74.0473693875936,-71.6697674749499,-46.11623913446569,-39.56555746107085,-2.7014262136492464,25.069365842440913,10.509200689081183,19.877130842110383,-4.695973065290304,-95.72249945851031,-98.08021262918082,-98.68739561382895,-93.00124726124659,-70.97325096918995,-19.736551343114634,10.55830678785303,-0.8812296144671051,11.38043894804301,,,,,,,,,,,-4.957288228857188,-54.29880931409041,-82.26101244868009,-77.42710735870612,-66.11026832819856,-55.11619595315575,-43.92017554913242,-12.630880515163305,1.6011066926093545,9.214349610015587
MT,Malta,,,,,,,,,,,,,,,,,,,,,,,,,,,,,,,,,,,,,,,,
MH,Marshall Islands,,,,,,,,,,,,,,,,,,,,,,,,,,,,,,,,,,,,,,,,
MQ,Martinique,,,,,,,,,,,,,,,,,,,,,,,,,,,,,,,,,,,,,,,,
MR,Mauritania,-22.989156970825622,-74.5926813760306,-64.81333780444412,-56.92814602815236,-14.906453327548961,-52.02480848154416,8.328200712963941,-18.70496312885505,52.193932900681446,-3.18525145424997,1.4710394084697869,-92.53320439640406,-96.41692129775909,-99.19820594255005,-91.02775888770114,-76.24954237562642,-42.73924604846397,-14.276250663962529,-17.5543966317113,4.0172309293544535,,,,,,,,,,,10.533143033796511,-52.61639135461665,-79.54143541531636,-75.2201276472427,-62.736394944700876,-54.53968917300401,-44.57246408782314,-2.5084673138057387,8.778835281553377,11.051500470591296
MU,Mauritius,,,,,,,,,,,,,,,,,,,,,,,,,,,,,,,,,,,,,,,,
YT,Mayotte,,,,,,,,,,,,,,,,,,,,,,,,,,,,,,,,,,,,,,,,
MX,Mexico,-84.76859458797622,-95.36119141471006,-96.74760077734301,-96.5959637828266,-93.62855740755217,-87.96468295636761,-73.94918311901799,-51.477527657010384,-21.696221998073685,-9.863115633544457,-49.72475307308253,-96.14578507868472,-99.77410058404035,-99.98223224705698,-97.15616491428182,-95.41752452623855,-92.1711346894334,-82.67622665062657,-50.480748378304604,-34.62286925372806,-90.53488994681356,-99.97968413503304,-92.22476957909309,-78.35533983272906,-61.71510690455884,-57.34706980039006,-76.0381896953727,-47.72846025239475,-23.820018832589557,-9.216217140109679,-62.42650280206641,-59.77831906123276,-66.92291103162948,-71.94805234575486,-65.44947369901142,-53.55476621673784,-52.56456828741219,-42.700708101174705,-19.070872001483824,-16.111810338532425
FM,Micronesia,,,,,,,,,,,,,,,,,,,,,,,,,,,,,,,,,,,,,,,,
MD,Moldova,-100.0,-100.0,-100.0,-100.0,-100.0,-100.0,-100.0,-70.96509431069957,-2.635338509577095,-8.106275252081613,-100.0,-100.0,-100.0,-100.0,-100.0,-99.25136839769523,-91.72965975659712,-100.0,-73.12288911679967,-59.54237573024871,-100.0,-100.0,-100.0,-100.0,-100.0,-93.40320673267418,-91.02750647953071,-91.97883131089542,-44.48670490911535,-49.33170464738328,-100.0,-100.0,-100.0,-100.0,-100.0,-69.01810520935202,-37.526602478020074,-39.547627468538515,-29.356966332224015,-10.832088026399706
MC,Monaco,-100.0,-100.0,-100.0,-100.0,-100.0,-100.0,-100.0,-85.28117094136513,-44.974248421377204,-34.982679697534074,-100.0,-100.0,-100.0,-100.0,-100.0,-100.0,-100.0,-51.31091864921419,-68.81177959583158,-22.811019569035494,-100.0,-100.0,-100.0,-100.0,-100.0,-100.0,-100.0,-95.20747182456445,-59.87883067733108,-56.95897792846397,-100.0,-100.0,-100.0,-100.0,-67.10211095806186,-33.56350157340112,-25.899471771267926,-18.55566599821888,-21.484044888686547,-23.236847025113466
MN,Mongolia,-100.0,-100.0,-100.0,-100.0,-100.0,-100.0,-96.46565436072147,-76.03241912284372,-46.69489561521935,4.792664809404359,-100.0,-100.0,-100.0,-100.0,-100.0,-100.0,-100.0,-69.34529794948142,-73.8427367132854,-26.568744245742657,-100.0,-100.0,-100.0,-100.0,-86.56637144938144,-83.78379293705302,-74.4083145593371,-58.34923035738188,-40.53073227760599,-64.35481530397136,-100.0,-100.0,-100.0,-100.0,-100.0,-95.50103878356713,-84.24949411871543,-33.02729068651043,19.39340083070715,-14.406659833500745
ME,Montenegro,-100.0,-100.0,-100.0,-100.0,-100.0,-100.0,-100.0,-84.07475238330454,7.629827510644289,-40.407623536886426,,,,,,,,,,,-100.0,-100.0,-100.0,-100.0,-100.0,-99.57967549256402,-97.56889951886319,-100.0,-46.40684250792303,-52.58871770572373,-100.0,-100.0,-96.14780560527049,-79.85348290531459,-66.43811951331504,-25.209413606771896,-20.008749434263983,-25.146713179278308,-24.646255607981704,-26.35454096393672
MS,Montserrat,,,,,,,,,,,,,,,,,,,,,,,,,,,,,,,,,,,,,,,,
MA,Morocco,-100.0,-100.0,-100.0,-100.0,-100.0,-98.1767508439089,-69.31332601342581,-49.056366844044014,-12.656524606707714,-34.97362856064399,-99.98643313351728,-100.0,-100.0,-99.59764652491185,-100.0,-100.0,-100.0,-100.0,-92.75340037635613,-67.0951479318418,,,,,,,,,,,-92.70013931865758,-85.71346723785861,-51.70236745994548,-37.0394234640808,-29.038453982715364,-36.83028180202765,-34.99823914870872,-46.76057421863718,-41.396226513976806,-30.387140312446853
MZ,Mozambique,1.5963140205068744,-62.70811689233002,-87.18701904899144,-88.18136937145347,-86.63106487983381,-74.75420829464576,-51.10790698117128,-38.13305339193008,-27.644489355184515,-14.688324221124828,-1.377150680031095,-72.32438764694315,-95.15207044353825,-96.34957392323292,-95.7236709492407,-86.04520176389323,-78.03726823756583,-60.67920244096678,-42.89848964981771,-18.18841457027695,-0.9362778303330356,-99.79212243937411,-95.06252780188652,-91.47903972155977,-92.66465169934284,-83.85731188653297,-89.5458336584471,-85.22731766056611,-65.97389216685389,-30.50026378591025,-80.47068131971042,13.09040777483408,-64.99925787500294,-75.30194048280794,-66.26740035057404,-69.90022664685769,-40.0382738461998,4.586743887591741,-8.084731391961405,7.007089166634377
MM,Myanmar,-60.97908470803765,-96.48693851545077,-96.77759555211672,-91.65138412347002,-84.43597670463889,-74.07009358715264,-65.27053317704141,-58.891098131448565,-41.07093440400469,-24.172227434555012,-24.89905507510746,-100.0,-100.0,-100.0,-99.24892445235514,-94.89323951804006,-87.09581806445915,-77.06082308373112,-48.80883905204905,-37.63082579314443,-78.3988790138469,-100.0,-99.96488927557567,-97.66521052214891,-95.7052803867753,-98.82407439451691,-89.67983225879897,-74.73277714315437,-43.01824613107504,-14.854374317491178,-44.84951008799917,-84.24783281192205,-86.71984834106566,-84.83805565258508,-75.23540690766754,-65.52873889693456,-51.31269893221448,-46.84814069227024,-38.96750785610408,-23.494296402301714
NA,Namibia,8.502597485842838,-71.5821893930405,-98.75802156904366,-99.82299202129833,-98.47637591520204,-93.87799239650332,-75.89814421873393,-66.50037336463616,-54.163712770151605,-38.08074435836186,4.816316730438248,-100.0,-100.0,-100.0,-100.0,-98.45997511436975,-84.6617775304238,-64.11536869487863,-40.50629880078701,-30.233558174841267,-2.957023795460813,-100.0,-100.0,-86.4270346748311,-69.62888974401805,-86.50962485478239,-98.79126899793502,-82.1931266250298,-42.73559500649172,-14.089195832140437,-100.0,0.08464433460748573,-60.224129500252204,-72.43294292751553,-65.55722121247166,-60.01930107573536,-57.63144465875817,-44.487521924807446,-10.385630936647349,-3.021821267933224
NR,Nauru,,,,,,,,,,,,,,,,,,,,,,,,,,,,,,,,,,,,,,,,
NP,Nepal,-71.31845684283518,-100.0,-100.0,-100.0,-89.52938651688947,-86.15337129140438,-73.08892581533742,-61.42402098422688,-50.9581849918503,-50.306071529044324,-48.4296938356602,-100.0,-95.38680376595828,-86.36324417249772,-75.32264734531662,-57.5812652812547,-55.16232265644102,-43.36127245387919,-30.391771063988546,-33.879038770567185,-96.57640244861359,-100.0,-96.81570119761082,-97.11080277246056,-95.38784747872936,-88.5380121434544,-72.28508747403896,-54.62292508397021,-49.202849523940785,-37.340337961753896,-49.41326864919143,-81.11724422270692,-77.99931977794729,-74.2713283947441,-57.602664068514045,-56.87152670525055,-48.39603577236189,-24.71234728693012,-21.263623743424922,-14.836097832343407
NL,Netherlands,-100.0,-100.0,-100.0,-100.0,-100.0,-100.0,-100.0,-99.65778331292371,-68.2061336534047,-26.512805735857476,,,,,,,,,,,,,,,,,,,,,-100.0,-100.0,-100.0,-100.0,-100.0,-100.0,-63.61906202615854,-19.259001535623774,-17.523406882927205,-11.58736562518987
NC,New Caledonia,0.591594621507376,-50.47089437683023,-68.3778273840059,-73.92433185657563,-76.67583289511431,-72.61490095127954,-53.840300114579165,-37.83168773489213,-16.234732059218796,-2.1269803125448457,,,,,,,,,,,,,,,,,,,,,,,,,,,,,,
NZ,New Zealand,-11.437914976522633,-100.0,-100.0,-100.0,-100.0,-100.0,-100.0,-100.0,-92.20115645860461,-68.75872842009282,,,,,,,,,,,,,,,,,,,,,-5.403542873313401,-24.59697544863823,-62.8884888668855,-74.03629871533494,-79.78524042231847,-70.02901730474449,-62.284108384534335,-33.08053109730805,-10.30736694664965,-14.212271507156302
NI,Nicaragua,-44.2938238377449,-82.99146050629676,-80.93552144875362,-71.0373632974959,-51.07690351140659,-48.06603155810548,-22.675841026492453,-23.57218582954837,-14.19347395752255,-3.7649741293411947,-4.319632328054581,-73.23067953259289,-93.87331430369416,-98.02126092930021,-91.12909457520877,-82.19212770393872,-61.47693843291397,-47.06893551891543,-37.748964018570284,-22.486550316250476,-53.62736304213539,-100.0,-100.0,-100.0,-96.61446329586985,-98.62903680559776,-64.48133419327003,-40.29302822916186,-12.697753863176256,3.685462967046275,,,,,,,,,,
NE,Niger,-24.68571395407909,-80.41456129369608,-86.14370187561276,-77.89938989635367,-68.09445075422339,-52.775505623024834,-49.31241903169989,-15.829817471429253,-19.152653174456983,8.8989816099865,-21.946101663762757,-98.89426055685367,-99.81882172131905,-99.61857459543005,-97.84323546460497,-72.74795471781032,-39.632189232335115,-5.819283122570242,15.631074203305277,20.33243033950786,-75.3820721617969,-100.0,-99.1950390448101,-100.0,-100.0,-100.0,-94.99921289000164,-50.5639561081662,-40.30461063817213,7.175460807845704,-1.2383681806226623,-67.16811340512353,-87.2304807259658,-77.93368739503165,-66.61296731162216,-51.08245261269249,-56.10111728592541,-37.53247623559366,-22.819343652300287,-5.677401264037051
NG,Nigeria,-26.06164192633859,-67.2992539848238,-72.4413372525923,-76.14371113774259,-73.99350159320575,-67.84655636378118,-53.95141429109721,-41.50045563104835,-38.28863580681208,-3.91568315191697,-13.386152428765989,-82.4950730254121,-92.84855505863139,-94.52692732403582,-91.95275276219108,-70.3221446310755,-44.3610451483523,-16.160976216213204,-1.431019228450567,13.986660912708134,-69.27118314894724,-99.86678537290436,-99.763778370297,-100.0,-100.0,-100.0,-97.46979649356363,-78.45125990507799,-68.56035279054242,-24.195265040265124,-1.150628627633018,-67.28279395633945,-87.45540627505525,-84.34881984755849,-77.19288618340201,-61.28790942592584,-56.41265289947164,-47.183083841344995,-38.071218685553696,-20.72558220630725
NU,Niue,,,,,,,,,,,,,,,,,,,,,,,,,,,,,,,,,,,,,,,,
NF,Norfolk Island,,,,,,,,,,,,,,,,,,,,,,,,,,,,,,,,,,,,,,,,
KP,North Korea,-100.0,-100.0,-100.0,-100.0,-100.0,-100.0,-100.0,-100.0,-98.66882065649777,-64.66364068919921,-100.0,-100.0,-100.0,-100.0,-100.0,-100.0,-100.0,-97.0976689721555,-88.04059348717149,-21.937208222375645,-100.0,-100.0,-100.0,-100.0,-100.0,-100.0,-100.0,-100.0,-100.0,-69.58581084978812,-100.0,-100.0,-100.0,-100.0,-100.0,-100.0,-96.03816358356073,-73.63146089289994,-8.56490795002938,-7.279950224620343
MP,Northern Mariana Islands,,,,,,,,,,,,,,,,,,,,,,,,,,,,,,,,,,,,,,,,
NO,Norway,-100.0,-100.0,-100.0,-100.0,-100.0,-100.0,-100.0,-100.0,-100.0,-87.79836040382662,,,,,,,,,,,,,,,,,,,,,-100.0,-100.0,-100.0,-100.0,-100.0,-100.0,-100.0,-100.0,-86.27135347838421,-32.86943360408403
OM,Oman,-54.219874163827626,-86.21984891047065,-96.05889035652203,-90.00381010155928,-85.99516778042684,-57.733367047321394,-31.924242063400033,7.037742356763814,-18.348793763796433,25.55636707199147,,,,,,,,,,,,,,,,,,,,,-19.03266400806952,-37.618031764114136,-74.89606225441587,-67.39153640215949,-57.317427442217486,-34.14335922258758,-27.874208901983952,-2.467242809995613,1.8613671480008427,1.795507457166616
PK,Pakistan,-79.49072698368035,-100.0,-100.0,-97.78141605264973,-77.53258982167155,-41.13954162915805,-20.513027007574223,-9.072510013318547,-8.13077373023439,3.461428292275613,-50.0086579124523,-100.0,-100.0,-98.76071901035009,-91.4435152102134,-73.98199129900168,-59.72603922058063,-33.44451870211987,-21.96817037003801,-13.314776800242473,-100.0,-100.0,-95.90324643708757,-94.37083641556431,-86.75986249625308,-39.479973065733276,29.975326394329677,35.19435766274071,28.786000267677338,15.139521429765951,-54.37095746505938,-84.43979359745582,-76.66723119352608,-66.64675172520936,-48.096149977024695,-35.69531572924077,-21.724567009493455,-5.1401247977358,-0.8374006940640285,0.677435532648924
PW,Palau,,,,,,,,,,,,,,,,,,,,,,,,,,,,,,,,,,,,,,,,
PS,Palestina,-100.0,-100.0,-100.0,-100.0,-100.0,-19.384897819775716,7.654930675633807,4.205554656911945,14.264654385081002,20.47273994157799,-100.0,-100.0,-100.0,-100.0,-56.351934568499885,-68.6620433475531,-76.5863401120014,-100.0,-81.82154061256928,-57.838298246166865,,,,,,,,,,,-85.83711936084083,-74.73124387071118,-55.13007505112422,-33.73035352065298,-40.5513865674449,-21.931370600255846,-12.076416173245176,-10.819714838095834,-1.4868099188042105,-8.499834371273353
PA,Panama,-32.977559384835644,-75.1435022328647,-50.01273957788709,-51.89136832668588,-43.218748427794004,-52.44654745414538,-42.960140613336776,-41.13140410377194,-24.173886084036997,-12.828878024944885,-0.9282033917303226,-61.25165337412272,-56.591998582068946,-88.11435583186358,-77.91385374973349,-73.49692366748765,-54.24567750604498,-54.29542424139842,-40.10790736062742,14.046705949050907,,,,,,,,,,,,,,,,,,,,
PG,Papua New Guinea,,,,,,,,,,,,,,,,,,,,,,,,,,,,,,,,,,,,,,,,
PY,Paraguay,-10.494467030005945,-70.6682910008434,-82.8834123962465,-86.51559478097002,-77.67531392556805,-68.19359614757731,-60.45256263246567,-29.043069001668215,-20.06047168144627,-11.339247202669943,1.2244201091841385,-69.52290796581883,-96.35228344301025,-96.59264178038879,-94.848988435135,-86.24559395561201,-71.0315636321591,-51.598730895261184,-32.94247383212355,-16.677800817022643,3.086510369915745,-96.41901134151233,-100.0,-93.26972608977925,-93.79404571583136,-93.53435280064332,-83.05858444013812,-56.30521624613256,-26.929293600416365,-12.624399787422277,-82.3632063835209,-30.778881317685986,-19.500448602595732,-34.465622997947285,-54.49823611476165,-45.457483318827144,-4.359901269614011,42.57965545148546,-7.892392066531009,1.15762230954614
PE,Peru,-2.570521420941919,-71.99961808793155,-92.35016040452399,-97.13491470689286,-93.37411214450198,-91.59729043278756,-84.50416250145115,-77.83295674188855,-56.43697059983183,-41.35090532277799,-1.1554403499534098,-73.99461742524234,-97.67680273298237,-100.0,-99.82154502704354,-95.63064684816892,-85.19253290259437,-66.8272365539264,-60.62924984609379,-51.16425911458932,-6.283531705829977,-100.0,-87.1289448499452,-98.68089319397212,-91.85404637721437,-99.83523806958583,-100.0,-100.0,-93.67169312325562,-59.67102259653168,-2.705850181132528,-66.17926755402395,-93.07068737746135,-96.62170571596398,-96.12221811587463,-96.10154110951909,-90.9195089741572,-73.01491329181115,-58.328829578190344,-39.90605386981907
PH,Philippines,-50.880470104625886,-63.85502932323857,-68.31917792686933,-68.42264583438238,-72.59528395634536,-50.32165381594769,-34.10109238736678,-29.327379169766115,-10.352251029007801,-0.12486557102541339,-7.451033123268689,-63.2912005049088,-95.27953180688708,-93.85072484558458,-90.3844119452161,-87.082397288728,-73.51390184541883,-51.95088370780643,-38.064233103336775,-12.045094758113382,,,,,,,,,,,,,,,,,,,,
PN,Pitcairn Islands,,,,,,,,,,,,,,,,,,,,,,,,,,,,,,,,,,,,,,,,
PL,Poland,-100.0,-100.0,-100.0,-100.0,-100.0,-100.0,-100.0,-100.0,-86.17063114571155,-13.793222551919099,-100.0,-100.0,-100.0,-100.0,-100.0,-100.0,-100.0,-100.0,-100.0,-100.0,,,,,,,,,,,-100.0,-100.0,-100.0,-100.0,-99.06501385634168,-94.13724619037157,-81.83506676038394,-55.02575796766152,-27.86065215472533,-16.45286704622029
PT,Portugal,-100.0,-100.0,-100.0,-100.0,-100.0,-100.0,-96.7390575690115,-50.27819627085876,-11.035147823852325,-12.731562468458659,-100.0,-100.0,-100.0,-85.98755333492343,-59.450784115291135,-56.63282224910398,-27.988180711757845,-26.70379577761281,37.79138444619786,28.84470625436907,-100.0,-100.0,-100.0,-100.0,-98.2515425947698,-88.5882390370115,-63.70143575427277,-51.210633583270024,-46.09093981595604,-25.899349469296947,-100.0,-86.68099389537805,-50.97750317206725,-16.836360474039715,-16.97685314165824,-20.346513221898263,9.915665933412777,-14.892734309634498,-30.111451869090345,-21.023672577360554
PR,Puerto Rico,-65.35001247117248,-83.24912889679385,-70.54034886821233,-56.64515578659686,-68.93533524392532,-47.940890335039335,-25.209914461021047,-14.348383895057154,-4.631560194745079,3.7825714748144157,4.373314158022664,-65.4006205439917,-87.61082585546895,-98.27523912017676,-90.52116723477866,-87.7337380851556,-72.51622839829494,-52.72123612573594,-39.16295860938691,-0.781103126342804,,,,,,,,,,,,,,,,,,,,
QA,Qatar,-52.203965409212856,-100.0,-100.0,-100.0,-94.37334157197671,-23.160663575504152,-24.683638424002737,14.030967766763235,-11.890418259441944,7.415500160614236,,,,,,,,,,,,,,,,,,,,,-32.750780012900286,-100.0,-91.11381795567924,-56.84509224369498,-60.29122555075825,-48.69567836795227,-47.03208115954363,-9.340525428369673,-10.84011700236841,0.9529244127218266
CG,Republic of Congo,5.512650460137507,-47.43538511358653,-70.1320604283633,-84.98538174081314,-80.04667952692151,-67.29336577625257,-58.55905971788027,-28.033904393646154,-22.755601502553958,-12.412520054080673,-2.2856034446335083,-66.91136491634738,-93.95695837828633,-97.73922332048765,-96.8256239662703,-86.71567247864142,-78.41018915902708,-59.24999850305078,-46.978060757767764,-33.682904550020574,,,,,,,,,,,,,,,,,,,,
RE,Reunion,,,,,,,,,,,,,,,,,,,,,,,,,,,,,,,,,,,,,,,,
RO,Romania,-100.0,-100.0,-100.0,-100.0,-100.0,-100.0,-100.0,-78.91861760756849,12.609373594378779,-25.80688543086852,-100.0,-100.0,-100.0,-100.0,-100.0,-98.84926087527548,-100.0,-100.0,-91.59754543634631,-73.36487412749263,-100.0,-100.0,-100.0,-100.0,-100.0,-94.14380534415832,-95.3803234556553,-96.51173778367837,-57.77684986293625,-54.8752391935985,-100.0,-100.0,-100.0,-100.0,-97.75288021951681,-64.48377411409359,-36.862830175434574,-37.43258042489737,-28.59644706777216,-15.772477507974152
RU,Russia,-100.0,-100.0,-100.0,-100.0,-100.0,-100.0,-97.62638793981652,-89.5675464531858,-40.585527128489225,-14.345997872674847,-100.0,-100.0,-100.0,-100.0,-100.0,-95.63087581136725,-96.8674237422262,-93.31534785364933,-48.03303510645085,-36.55098488567402,-100.0,-100.0,-100.0,-100.0,-95.24218012181888,-83.71042217964276,-81.35469276475021,-78.21618394960137,-44.606132062603585,-41.96085322248558,-100.0,-100.0,-100.0,-100.0,-99.35994753056461,-90.5604840607811,-76.33626428116342,-54.51303037552883,-14.625633717444364,4.361367372656552
RW,Rwanda,-18.354830832624,-100.0,-100.0,-100.0,-100.0,-100.0,-100.0,-100.0,-88.71817875591192,-68.15208154392693,-16.02444230357244,-100.0,-100.0,-100.0,-100.0,-100.0,-100.0,-100.0,-100.0,-74.98575211412438,-20.389121554559587,-20.749434806515897,18.90237711584164,9.502973310148695,-52.81265888582243,-3.86549159005512,-17.22398249968119,-62.30108585439306,-30.73327303425131,-53.03027692462265,-23.672757730181807,-87.07751148719305,-70.09378878443117,-83.7167366570186,-66.79002521990365,-78.91022318130109,-91.96795140679525,-100.0,-100.0,-96.71254170467036
BL,Saint Barthelemy,,,,,,,,,,,,,,,,,,,,,,,,,,,,,,,,,,,,,,,,
SH,Saint Helena,,,,,,,,,,,,,,,,,,,,,,,,,,,,,,,,,,,,,,,,
KN,Saint Kitts and Nevis,,,,,,,,,,,,,,,,,,,,,,,,,,,,,,,,,,,,,,,,
LC,Saint Lucia,,,,,,,,,,,,,,,,,,,,,,,,,,,,,,,,,,,,,,,,
PM,Saint Pierre and Miquelon,,,,,,,,,,,,,,,,,,,,,,,,,,,,,,,,,,,,,,,,
VC,Saint Vincent and the Grenadines,,,,,,,,,,,,,,,,,,,,,,,,,,,,,,,,,,,,,,,,
MF,Saint-Martin,,,,,,,,,,,,,,,,,,,,,,,,,,,,,,,,,,,,,,,,
WS,Samoa,,,,,,,,,,,,,,,,,,,,,,,,,,,,,,,,,,,,,,,,
SM,San Marino,-100.0,-100.0,-100.0,-100.0,-100.0,-100.0,-100.0,-97.14598267266177,-48.42490175252602,-20.989192397150184,-100.0,-100.0,-100.0,-100.0,-100.0,-100.0,-100.0,-68.17616605082334,-33.73537218865766,-11.827848901385005,-100.0,-100.0,-100.0,-100.0,-100.0,-100.0,-100.0,-100.0,-49.685802489232216,-62.92167787522046,-100.0,-100.0,-100.0,-100.0,-69.85638312086415,-40.06941336774845,-27.285344409940354,-26.745263886475602,-21.142679786229603,-21.602610588744653
ST,Sao Tome and Principe,,,,,,,,,,,,,,,,,,,,,,,,,,,,,,,,,,,,,,,,
SA,Saudi Arabia,-63.786110981298876,-97.78376313982926,-97.88643761753717,-97.67591258983751,-92.48252681077126,-71.36901737396961,-22.446447865758987,-13.145885704967524,-7.792682739945918,-5.276503413270877,-35.109452228513604,-100.0,-100.0,-100.0,-99.87831974253274,-99.78525722622982,-84.93078018921061,-50.36192142740684,-26.916188827269178,-24.44286663893691,-100.0,-100.0,-85.09663379857744,-69.45520043068446,-100.0,-100.0,7.465500121569743,2.395186662534912,-14.993960791008968,12.80350354628202,-16.316223899334766,-79.15584811083197,-85.14704428367779,-72.76282869695524,-63.74313803314617,-51.225404012379734,-40.233589967826866,-15.737821233530628,-6.106209602466847,1.5216255691585276
SN,Senegal,-28.164728749519167,-74.48648192754881,-67.06247456558789,-55.52083667239726,-29.924704212742558,-59.00426774382093,-13.056439124972066,-29.577200179319373,24.753478737000314,-12.319893280467282,7.00928976662873,-81.7361229540035,-84.68453088410575,-94.61606436218108,-84.27835021321926,-75.97126662444168,-46.012673704540816,-19.781129769051518,-14.909107374058642,11.220418404756263,,,,,,,,,,,,,,,,,,,,
RS,Serbia,-100.0,-100.0,-100.0,-100.0,-100.0,-100.0,-100.0,-94.91217413545732,19.569718785123214,-35.37116486536176,-100.0,-100.0,-100.0,-100.0,-100.0,-100.0,-100.0,-100.0,-100.0,-100.0,-100.0,-100.0,-100.0,-100.0,-100.0,-99.50083147811313,-98.1318302034909,-100.0,-72.80641626993587,-61.28603501921786,-100.0,-100.0,-100.0,-100.0,-94.24533198913406,-50.376536746938484,-30.687450480657468,-33.2690469038549,-25.223807167409102,-20.659236076952705
SC,Seychelles,,,,,,,,,,,,,,,,,,,,,,,,,,,,,,,,,,,,,,,,
SL,Sierra Leone,-21.56684412031965,-87.55285222701791,-80.98128231167608,-75.69016188935858,-76.94548153597715,-67.57860634083826,-55.44085498226613,-41.23485352616534,-43.36711828640475,-14.549238172776613,2.853874582037895,-84.04964229281154,-93.88446485668916,-93.14459408361583,-89.8106739205148,-83.06248515306467,-64.20232332144353,-40.717558079259994,-25.472961039169565,9.447225691929514,-41.98056526898808,-100.0,-100.0,-100.0,-100.0,-100.0,-89.40905880802276,-74.22041582227409,-73.71751505449613,-41.511096409225296,,,,,,,,,,
SG,Singapore,-31.765054950779138,-78.46560488686522,-62.18137965313488,-68.01777511998937,-73.91747446758868,-30.61611115419434,-34.769086276822215,-32.47558410690022,-12.354280517589743,-0.1185161311528245,-5.1325429489090855,-73.64823748709048,-98.16562284261096,-97.81963342397754,-88.25299880250077,-80.39489920004539,-57.688643839665225,-45.08002739836576,-8.428585945126093,-12.294650209667735,-42.34594917325721,-100.0,-97.00437094653164,-99.83016754898769,-100.0,-100.0,-75.96620383344671,-31.769978000185915,-5.143537191313164,-1.4922077686908195,,,,,,,,,,
SX,Sint Maarten,,,,,,,,,,,,,,,,,,,,,,,,,,,,,,,,,,,,,,,,
SK,Slovakia,-100.0,-100.0,-100.0,-100.0,-100.0,-100.0,-100.0,-100.0,-34.13785783019005,5.750498510071024,-100.0,-100.0,-100.0,-100.0,-100.0,-100.0,-100.0,-100.0,-100.0,-100.0,-100.0,-100.0,-100.0,-100.0,-100.0,-100.0,-100.0,-100.0,-82.5706245252738,-37.82632813173148,-100.0,-100.0,-100.0,-100.0,-93.5102816592376,-54.2199617794223,-44.74574059251952,-38.53971135483963,-34.08638889438193,-27.09747493596413
SI,Slovenia,-100.0,-100.0,-100.0,-100.0,-100.0,-100.0,-100.0,-98.81301802466741,-53.91825186219937,-8.863119203679899,-100.0,-100.0,-100.0,-100.0,-100.0,-100.0,-100.0,-79.74468930524564,-51.60418445050495,-28.296315969177783,-100.0,-100.0,-100.0,-100.0,-100.0,-100.0,-100.0,-100.0,-67.33445660410601,-59.54757082626084,-100.0,-100.0,-100.0,-100.0,-88.40957263665531,-59.29492635942623,-32.26377597721912,-25.762203033435746,-24.351356179399964,-24.76110719134113
SB,Solomon Islands,,,,,,,,,,,,,,,,,,,,,,,,,,,,,,,,,,,,,,,,
SO,Somalia,-31.76154927483561,-83.45280273699078,-77.02782692042723,-80.98964554260061,-74.85312201528724,-69.80460169594198,-50.61201949976261,-31.011394473277605,-22.05835279716344,-8.866260287943835,-6.050813677422348,-77.02370250076297,-90.26875356182124,-92.5463202041921,-91.04146006400491,-86.42023724652117,-78.14836188658501,-66.86025821537163,-46.402879400266926,-18.84054090049287,-94.79319074240296,-92.20248938037857,-71.05765469065413,-63.40658267690462,-65.29163517879144,-86.77259883719535,-55.388421881414295,-61.74157518449991,-80.39026313361038,-23.11042535602392,-2.93918563296247,-88.34453871769185,-100.0,-100.0,-100.0,-97.35481009843576,-74.91163109990975,-48.72185395092355,-25.60530624695731,-19.20315000914908
ZA,South Africa,2.8670001925537405,-89.3434280678702,-98.26425197939335,-99.34764834313557,-97.93268481866198,-95.32611133704009,-80.353643905069,-69.31862853511359,-50.50553066900893,-37.47650046783785,0.45115258436748523,-90.12806679694022,-98.41588426899703,-99.73512971981081,-99.14032999337314,-92.18579370685782,-81.40146668312983,-60.536315458621964,-44.79216683547604,-24.411421607199298,-11.010726764112619,-79.95722778490476,-77.04613577500112,-76.88864946216121,-53.73654874907424,-61.68054405047031,-52.341346274707654,-44.10360939555882,-16.632504125567014,-3.2231358958726397,-85.48357537477314,-15.053810587720136,-53.7058570503304,-49.527510472239626,-55.11573452785311,-61.46145004105597,-48.615859576934874,-33.58915592152,-24.60479274966716,1.8360255391767442
GS,South Georgia and the South Sandwich Islands,,,,,,,,,,,,,,,,,,,,,,,,,,,,,,,,,,,,,,,,
KR,South Korea,-100.0,-100.0,-100.0,-100.0,-100.0,-100.0,-100.0,-100.0,-98.05570953506128,-44.25288007711492,-99.14324471670562,-100.0,-100.0,-100.0,-100.0,-100.0,-100.0,-94.00434760199454,-78.417119636743,15.497790446644276,-100.0,-100.0,-100.0,-100.0,-100.0,-100.0,-100.0,-86.23717530920852,-98.07053746434676,-64.03828765099874,-99.26826756626467,-100.0,-100.0,-100.0,-100.0,-100.0,-92.55658265618031,-52.18936492465641,-6.893840538183177,-10.698034736509626
SS,South Sudan,-34.16701022136652,-89.93413156572996,-93.49218196833232,-97.61886555140843,-94.1608702856767,-90.26524374749779,-67.07545666100877,-55.15293179726982,-47.45878258963434,-15.567539188976856,-12.815242323399437,-100.0,-100.0,-100.0,-100.0,-97.8242360026457,-87.23652431677702,-60.77780558349871,-54.493555373475665,-24.057603781558818,-86.32398820996346,-37.19023628649058,-32.035307907477794,-27.94492171544047,-42.13437750512818,-69.96051647111392,-83.91210369525201,-100.0,-97.28761223665167,-55.37607956437883,-5.350408007933379,-72.19527120603213,-88.92002501661678,-84.62418119517262,-79.89585671235533,-67.6919838895849,-35.62763124369641,-40.657028267986874,-35.37207656718847,-31.142990497198305
ES,Spain,-100.0,-100.0,-100.0,-100.0,-100.0,-100.0,-91.13990741501884,-55.90539765250442,-9.274540211004076,-19.104702677289772,-100.0,-100.0,-100.0,-98.70742460215679,-96.28491526802262,-84.83540439294649,-31.355215145757793,-22.35451986573304,3.2986501490911375,2.317044051770949,-100.0,-100.0,-100.0,-99.83300831510367,-96.17613342785211,-85.25063279068604,-69.92978265368444,-61.07356622210456,-40.673744519487585,-30.157665053494302,-99.89941722662131,-91.90844060572701,-71.14805674715484,-49.98979468266011,-36.28406524720099,-23.93712088205579,-14.127187713460584,-15.179734178840668,-30.215107910416567,-20.266952776359467
LK,Sri Lanka,-25.835634035375197,-66.01322397734951,-63.622815706949616,-52.25618903564167,-46.372620632741324,-36.19637129905751,-32.547494728867626,-26.945338658723152,-6.397168346859638,6.637278355789572,-0.660146782997013,-51.559478274800576,-82.48192410946316,-92.73967370930048,-74.24526807634435,-53.16924235873634,-49.15144346968424,-18.12841380741256,24.612263471237345,26.71064685691524,,,,,,,,,,,,,,,,,,,,
SD,Sudan,-26.73549032684039,-86.79280244623801,-93.3385612501318,-80.29802901992227,-65.72376746015432,-62.84534582251366,-37.76437880245417,-22.90894814100239,-17.86009596075175,6.916211402641014,-9.669808136076487,-100.0,-100.0,-100.0,-99.73668278051233,-93.27880009792833,-71.15540696999716,-34.626223142620695,-13.23326553473016,-0.44144372774951235,-61.631383023725206,-100.0,-100.0,-100.0,-100.0,-43.92064945876912,68.93129738742367,64.74394139236874,85.46899263402665,31.290405394767493,-13.60201532648856,-61.39116053709789,-74.8344682062476,-69.08814439355069,-63.99354832784921,-54.576171550768876,-40.25058852291205,-15.75944096350734,-11.583290630970495,-2.9657572118332847
SR,Suriname,-39.615895735631504,-72.14271586332865,-59.91562815197336,-69.40075553121785,-58.07219016289232,-48.19516289591049,-44.26929470314085,-41.764850826017906,-17.345552781389078,-7.523952184482286,3.4724475205171648,-61.55884950373226,-63.07613118759496,-89.33572869915932,-79.11457104371193,-74.32779088238237,-58.27888322442074,-48.954473833523565,-22.6247356914552,-17.762029331977942,,,,,,,,,,,,,,,,,,,,
SJ,Svalbard and Jan Mayen,,,,,,,,,,,,,,,,,,,,,,,,,,,,,,,,,,,,,,,,
SZ,Swaziland,-0.9576580590036448,-83.63367983464653,-95.9037500532287,-98.94823990498125,-97.89173982805701,-90.85185700322492,-70.07532097146218,-52.994206802192025,-41.57865687990836,-33.18484560187931,-4.344041396059896,-79.42501834957433,-100.0,-100.0,-100.0,-80.63643308112178,-64.33012022759429,-48.04581321542171,-43.99642260964662,-19.652167999520724,-15.074662710917863,-100.0,-100.0,-100.0,-100.0,-100.0,-100.0,-89.94652405124282,-79.26659541217961,-43.39728183875165,-65.82931196606977,-22.203672492704555,-36.367147170648316,-62.086321078717255,-46.32631781938183,-60.78859612892827,-31.627608152200743,42.95597394492434,-27.883549765962268,10.383712125313878
SE,Sweden,-100.0,-100.0,-100.0,-100.0,-100.0,-100.0,-100.0,-100.0,-100.0,-87.79836040382662,,,,,,,,,,,,,,,,,,,,,-100.0,-100.0,-100.0,-100.0,-100.0,-100.0,-100.0,-100.0,-83.12942263660068,-33.9995134368466
CH,Switzerland,-100.0,-100.0,-100.0,-100.0,-100.0,-100.0,-100.0,-93.47897132692093,-63.3350226428475,-1.6225498604469606,-100.0,-100.0,-100.0,-100.0,-100.0,-100.0,-100.0,-100.0,-100.0,-100.0,-100.0,-100.0,-100.0,-100.0,-100.0,-100.0,-100.0,-80.67291486320406,-46.75450508919033,-62.26723997636824,-100.0,-100.0,-100.0,-100.0,-100.0,-89.01991090012692,-38.273528841184984,-16.373867037859416,-14.781725553141614,-22.14032724149241
SY,Syria,-100.0,-100.0,-100.0,-100.0,-100.0,-48.67131954220706,-3.7583408593277934,-20.568511185299688,-14.304430978999228,-11.32373620285682,-100.0,-100.0,-100.0,-100.0,-100.0,-23.713653054382437,-100.0,-83.99912116780375,-40.82240957329048,-20.08734013311406,-100.0,-100.0,-100.0,-100.0,-51.310843906441164,-60.36195221981961,39.20692731348305,38.83371752763094,1.7121940136137046,-4.9224637821135895,-95.43301888316583,-93.89562993622135,-87.39094006111645,-53.464317982359624,-35.891066037215985,-39.340853655886036,-29.564540664123808,-29.419377002770773,-18.093556354636057,-13.878287564366769
TJ,Tajikistan,-100.0,-100.0,-100.0,-100.0,-100.0,-98.7657334629949,-70.2946971007286,-33.33734573299473,-4.3509577743392,4.759296600388803,-100.0,-100.0,-100.0,-100.0,-84.60403748503066,-37.26416431646634,-52.11050484024787,-86.61081976543285,-68.3180949761259,-4.700682944268239,-100.0,-100.0,-100.0,-100.0,-100.0,-68.39879821232735,-100.0,-74.44698326899078,-75.131624171106,-79.046665023719,-95.29480156226879,-100.0,-100.0,-100.0,-89.91775062159978,-56.31338915782685,-27.700321057018492,-8.024629463082873,-11.23184190451722,-3.474791657986461
TZ,Tanzania,-5.556810247020718,-88.94824232771322,-97.46412839563294,-97.8920032713976,-97.7389185486069,-95.44027451728377,-90.16225418091321,-81.68218529691171,-54.26585794236744,-29.43309276624511,-7.80267855695438,-93.23309798080491,-100.0,-100.0,-99.8721939320035,-99.10823246859012,-97.11344026307927,-90.29058495753645,-71.99028837260973,-52.298095929226406,-20.389121554559587,-20.749434806515897,18.90237711584164,9.502973310148695,-52.81265888582243,-3.86549159005512,-17.22398249968119,-62.30108585439306,-30.73327303425131,-53.03027692462265,-1.0009993416410712,-77.86014609740589,-96.78987343096473,-98.37796525924223,-95.23860782695523,-93.87688221816053,-91.83519388096893,-75.96836142748535,-61.7427381813889,-32.91591614567154
TH,Thailand,-48.00448593393316,-89.68265318619828,-88.20928032446018,-80.94267474195573,-70.283535418351,-50.89773353542083,-40.39312064882182,-21.636486815339556,-12.815131154165552,-5.209998423890916,-12.680131239573779,-97.68980252339277,-100.0,-99.87072730346242,-95.75323072979857,-85.56983842323362,-73.28087738029589,-53.249373285389616,-19.419484180634697,-7.06291756839473,-77.16928585359638,-100.0,-99.96187504363867,-97.41023515284182,-98.33810926255724,-99.19473721021049,-88.27396566585728,-53.01523960386138,-4.366367553110802,9.186194864278967,-44.75342704646627,-86.0347382124246,-86.98274055883682,-87.03280171751123,-70.8705124850493,-48.53951985243078,-44.02203269428171,-22.007531496991174,-31.079695898604296,-11.493385648397448
TL,Timor-Leste,-23.436318480144067,39.07470385850568,-53.518727592997585,-56.258685300684284,-47.801563026845656,-67.67516229544191,-37.43133619814645,-43.394494880237396,-37.390566180793364,-7.299374282079498,2.2577914062753752,-21.383114497257047,-82.46698778898754,-83.63943421286207,-78.20916524264936,-70.30615695114068,-52.55089990952104,-60.9599041129665,-27.45443114399908,-10.109730241890338,1.2542627121406893,-48.87383738433701,-81.5921549815795,-60.31235585510301,-100.0,-100.0,-78.48892402641042,-46.48668792648266,-6.703106202326453,3.201918035901032,,,,,,,,,,
TG,Togo,-31.46390409162422,-63.28360715974418,-57.34489136571606,-63.38084318895516,-63.105686218734746,-63.785763512425866,-45.93406078218743,-41.78584206803819,-40.96332835579583,-6.803319807430143,10.048368038033225,-75.93218767065066,-86.13816748859543,-86.71473511407761,-79.80664855817234,-62.666131112422676,-44.26004791894535,-14.898896493626646,4.4522136228807625,18.878287257753932,,,,,,,,,,,,,,,,,,,,
TK,Tokelau,,,,,,,,,,,,,,,,,,,,,,,,,,,,,,,,,,,,,,,,
TO,Tonga,,,,,,,,,,,,,,,,,,,,,,,,,,,,,,,,,,,,,,,,
TT,Trinidad and Tobago,-41.6009407529782,-67.96540401887842,-46.56373711723061,-44.86234119261642,-51.50766087640246,-35.58618339430148,-32.03985099673594,-32.586049026598154,-1.1493804200545628,-3.664137241721735,3.2376045055913303,-49.99181306098644,-51.53301433744173,-81.38385123663889,-70.97286954939288,-72.70885498754717,-38.3704666521185,-54.02685946059246,7.01648766145342,10.935445985616441,,,,,,,,,,,,,,,,,,,,
TN,Tunisia,-100.0,-100.0,-100.0,-100.0,-100.0,-100.0,-77.98052473053284,-55.59020640682307,-20.127160552316028,-42.05884213684534,,,,,,,,,,,,,,,,,,,,,-99.19241629264874,-77.67054872538118,-41.47400565443945,-47.46055833989951,-24.379064581195987,-41.364407710808074,-24.706302220819264,-39.53614905694593,-35.7781641091329,-37.30530575473094
TR,Turkey,-100.0,-100.0,-100.0,-100.0,-100.0,-91.64602891038963,-62.67633367425393,-39.1050665460488,-29.25947175344047,-20.13260997176143,-100.0,-100.0,-100.0,-100.0,-99.36287897143933,-64.76660644278144,-66.07767935368973,-83.32363397544135,-70.4723531431204,-51.510173902551195,-100.0,-100.0,-100.0,-100.0,-74.6139577940228,-71.11314645346495,-50.662966266102494,-26.075963681473176,-30.93275814869447,-34.63176099842627,-99.6989549588608,-97.78187176697077,-92.03429579233195,-80.40053232654533,-58.962117700429985,-37.25652619077503,-19.99345526490672,-20.77659747356787,-11.60901928384964,-8.751867275703669
TM,Turkmenistan,-100.0,-100.0,-100.0,-100.0,-100.0,-93.81314928670596,-58.51616053782542,-14.267653880564179,-16.50510017738804,4.25014052747315,-98.1055340777708,-100.0,-100.0,-100.0,-88.04650713314017,-71.82041585873522,-82.00627096861272,-87.17484372482964,-37.45402276408251,15.185416148260604,-100.0,-100.0,-100.0,-76.4901312435701,-63.71855483700312,-35.609390009221556,-28.549636950028635,9.599416258642274,25.158386624765303,-1.9329721316444581,-82.41697978008249,-100.0,-100.0,-95.99704614111971,-63.95767710680093,-26.24596598828026,-31.451086904447404,-32.58797214799458,-18.140425672781706,-7.218652462651173
TC,Turks and Caicos Islands,,,,,,,,,,,,,,,,,,,,,,,,,,,,,,,,,,,,,,,,
TV,Tuvalu,,,,,,,,,,,,,,,,,,,,,,,,,,,,,,,,,,,,,,,,
UG,Uganda,-44.849685463699736,-98.26854270358757,-98.07823128427765,-100.0,-99.45592506853227,-95.7226915967921,-82.69245932853295,-68.7829833036108,-51.5775410484458,-19.950305257170985,-4.950301128612367,-100.0,-100.0,-100.0,-100.0,-100.0,-96.61513294927722,-75.31268113829448,-62.4925831822666,-28.359293015179546,-92.81067513515407,-16.615603351037507,-1.7361095986281658,4.913355485661068,-14.441371797251904,-40.693282632942626,-56.52947334762088,-81.54576472776735,-87.86857855235579,-42.65667692669368,-17.365958038305525,-100.0,-100.0,-100.0,-100.0,-100.0,-100.0,-100.0,-92.35048618251875,-29.75945919577802
UA,Ukraine,-100.0,-100.0,-100.0,-100.0,-100.0,-100.0,-99.6187566849691,-70.92690141628547,-18.004859696413778,-5.574700037918619,-100.0,-100.0,-100.0,-100.0,-100.0,-99.56750829723858,-97.98727735074914,-88.6365060064657,-54.39490337213177,-40.324667415149705,-100.0,-100.0,-100.0,-100.0,-97.8878551849856,-83.97422564892378,-76.41007463842372,-85.76509783097255,-40.663009253937574,-41.025235957098666,-100.0,-100.0,-100.0,-100.0,-98.58859344736852,-74.15233976983465,-44.82513359898876,-39.62827630211034,-27.75609859086724,-8.108254552391397
AE,United Arab Emirates,,,,,,,,,,,,,,,,,,,,,,,,,,,,,,,-32.199182462129585,-16.64475899463424,-70.15789156224456,-69.47015429136057,-59.73129104691513,-43.52020266169567,-28.235516746161505,7.15294769475154,3.4076618081934944,4.4880769838526
GB,United Kingdom,-100.0,-100.0,-100.0,-100.0,-100.0,-100.0,-100.0,-100.0,-87.54696766781564,-35.55168006986088,-100.0,-100.0,-100.0,-100.0,-100.0,-100.0,16.484629156926637,-100.0,-100.0,51.89548066822779,,,,,,,,,,,-100.0,-100.0,-100.0,-100.0,-100.0,-100.0,-76.14911121603694,-68.89897204226848,-56.381223922450324,-31.948328218455
US,United States,-99.02690806607235,-99.86497381477398,-99.90771084057585,-99.92135974712367,-99.82421848900616,-97.58194813618566,-86.27975817714373,-49.334365597466196,-24.189827598495096,-13.540527645084698,-82.05713636707048,-99.97444859246137,-100.0,-100.0,-98.57976264122532,-94.53759436104716,-87.07764723216148,-76.93477955022097,-37.89851829763692,-29.58402482367901,-100.0,-100.0,-99.02657240923048,-94.73644957836242,-88.0967955501194,-85.77758349715471,-89.38039178017608,-62.03914586672329,-29.08957586144557,-21.227284321963257,-89.71141024776335,-95.5530808932329,-89.55427291964126,-83.11595288170106,-75.41858907127353,-59.779062621692795,-30.907162282321238,-17.407793105680934,-12.248622014554957,-6.598994588236676
UM,United States Minor Outlying Islands,,,,,,,,,,,,,,,,,,,,,,,,,,,,,,,,,,,,,,,,
UY,Uruguay,0.18356297406928088,-85.89900303455616,-97.84843222224377,-96.28907237706457,-97.92599409027666,-94.65402202519685,-86.7380452372121,-76.21147782328904,-59.508283278836025,-34.09689442043845,-0.5000475178293957,-95.15166989808927,-100.0,-100.0,-100.0,-99.19977134121291,-95.8114595006693,-82.58886180546831,-65.20614761344618,-43.15322439720535,0.9954048434413404,-92.796619955299,-75.83930416657745,-88.55734263414733,-70.0069046915759,-68.78476800401833,-39.39984839187092,-61.538702386152664,-22.459087058785755,-15.301850299151479,-100.0,-1.2209086837700611,-12.503554536048318,-27.235186204124634,-45.42848836591276,-63.77858384539097,-34.43812322995178,-39.795348967240784,-21.025641089775704,52.000819096474366
UZ,Uzbekistan,-100.0,-100.0,-100.0,-100.0,-100.0,-93.81343784921646,-80.94086943966741,-25.799400048821,-17.54834275530479,0.7439848548988962,-97.44984892969448,-100.0,-100.0,-100.0,-87.24352047592683,-79.14699655801564,-86.47893263337644,-95.62148631607806,-43.08423152167043,12.626933262372946,-100.0,-100.0,-100.0,-81.94730691027294,-69.7750965844757,-42.02652184592527,-28.08005272733785,18.34793863735068,31.395196178597253,1.4973132006772814,-87.57455547462257,-100.0,-100.0,-100.0,-78.73287372387703,-35.61291949176616,-30.541960359554626,-34.64405343396652,-21.829053101088025,-11.419274104153079
VU,Vanuatu,,,,,,,,,,,,,,,,,,,,,,,,,,,,,,,,,,,,,,,,
VA,Vatican City,-100.0,-100.0,-100.0,-100.0,-100.0,-100.0,-100.0,-83.68749002887024,24.267330957401594,-1.8002608192334346,-100.0,-100.0,-100.0,-100.0,-100.0,-77.06909173804445,12.883280746647774,90.25699056200853,45.73920190497812,107.20034020070224,,,,,,,,,,,-100.0,-96.75633725071964,-76.47158005544885,-55.600409932025705,-27.935823592064775,-23.032792445368777,-18.268526124918086,-21.479708967599347,-19.591090301070125,-27.649934630378787
VE,Venezuela,-39.57941482705631,-82.15278003771598,-66.63222607378835,-73.32749336606027,-65.4913415409581,-45.80271545237814,-44.5607955639117,-27.78188131133349,-10.052965627642571,-7.5572073276839795,-4.494346902009771,-65.16334131441623,-76.5190558413339,-91.57991337982205,-80.85229751709537,-72.72540067676518,-52.0403079213285,-42.56058136879475,-17.642954015103296,-2.79470827251761,,,,,,,,,,,-28.79415643741046,-100.0,-100.0,-100.0,-100.0,-100.0,-100.0,-64.2571211927537,-1.5609397162280965,-12.884013034802953
VN,Vietnam,-65.26627769747559,-91.30575012509401,-92.53966373698283,-81.69633277116519,-76.65935001491323,-58.22394360549816,-44.03131170551944,-33.93949419393614,-24.583314401597274,-14.801109412349904,-38.09260561487904,-100.0,-98.89419563817957,-97.28507223841194,-94.75203193355878,-86.64485395226006,-76.44369344261452,-57.17218577487203,-33.74975158607026,-29.84651316679716,-83.02080576340418,-99.30101636638376,-99.07777901761229,-96.53222655197555,-95.56919090277847,-89.63486095216686,-83.66885995112487,-55.40613998582058,-19.424478623518098,-3.743910170901414,-46.85453968943177,-90.81905946154558,-89.72392274122483,-79.8058042234263,-67.36358458170929,-38.945442639446554,-31.627806755379467,-19.114119977965185,-36.47497840486429,-22.769931638587572
VI,"Virgin Islands, U.S.",,,,,,,,,,,,,,,,,,,,,,,,,,,,,,,,,,,,,,,,
WF,Wallis and Futuna,,,,,,,,,,,,,,,,,,,,,,,,,,,,,,,,,,,,,,,,
YE,Yemen,-41.347891818264955,-92.61975126999128,-94.57270152500176,-93.28488009928435,-90.56273660143296,-79.7844445719816,-54.07439725484002,-29.210559664801064,-30.073304265011508,-5.046354595124767,-12.841611524350188,-100.0,-100.0,-100.0,-100.0,-100.0,-100.0,-68.78647127328259,-50.5294841843077,-24.018782747529038,-87.95453749229985,-100.0,-84.85761409331992,-83.48871647437615,-86.63492752736543,-100.0,-82.02628067643592,-86.74597980901815,-70.24362866842804,-6.791221774065487,2.1999911844735816,-73.14504360779814,-85.18264109696723,-83.78646875705637,-80.42581413666782,-66.80564332248574,-49.33635858770319,-38.89664757531489,-26.372482562894135,-17.980111846643215
ZM,Zambia,-5.099323470072155,-75.28635527533316,-100.0,-99.85840124824476,-98.6625615120268,-90.80192172476455,-76.59403534869841,-65.7419531186297,-39.121197257905294,-32.36517186256863,-10.38501833512333,-98.39912534566808,-100.0,-100.0,-100.0,-100.0,-97.49449746376236,-90.48336705147982,-68.86932467624288,-53.69760093243112,-7.085864458216517,-96.17667094276317,-83.18885780859766,-74.86687766834558,-72.42602238642925,-64.22656269659528,-70.82153940739329,-83.04703726543892,-79.45345258303541,-47.618442853213054,-52.23439903993012,3.3530319689997174,-93.60526433150382,-91.51863010608206,-85.901116322289,-79.52525920896068,-57.31734954574828,-46.65575306299928,-23.636858853946794,4.789813857475388
ZW,Zimbabwe,10.908285881525694,-68.32185206544014,-96.06016578305587,-96.55128100976901,-93.60548922714959,-75.5756565886557,-48.61411692921273,-41.33278868317802,-17.83967086476172,-10.310646018195108,-2.0190380810389814,-86.35800232589077,-98.46492086313152,-99.55496732313189,-98.75808189473378,-92.69796993378377,-81.71701044172036,-69.62748585914181,-57.02170326521554,-24.34339466497399,0.47774864073353523,-100.0,-97.68742643519508,-95.23437918894184,-86.60775845486427,-85.33230822132681,-89.15039876530543,-85.84083876603992,-63.19710593650799,-24.363863767307627,-100.0,33.73533784094779,-80.39018744146955,-75.19681958806322,-67.62219975108898,-60.600001092912386,-51.1276044269365,-24.749181947993037,5.182162923163519,17.677663816632716
